Chr	Loc	Gen	Depth	Filt
Pf3D7_01_v3	179347	A	400	PASS
Pf3D7_01_v3	283144	G	1014	PASS
Pf3D7_02_v3	376222	A	132	PASS
Pf3D7_02_v3	529709	T	412	PASS
Pf3D7_02_v3	839620	C	390	PASS
Pf3D7_03_v3	548178	A	236	PASS
Pf3D7_04_v3	110442	C	461	PASS
Pf3D7_04_v3	286542	T	1014	PASS
Pf3D7_04_v3	529500	G	551	PASS
Pf3D7_04_v3	648101	A	460	PASS
Pf3D7_04_v3	748410	A	951	PASS
Pf3D7_04_v3	748577	A	797	PASS
Pf3D7_04_v3	748579	A	714	PASS
Pf3D7_04_v3	891732	A	202	PASS
Pf3D7_04_v3	1102392	A	570	PASS
Pf3D7_05_v3	350933	A	90	PASS
Pf3D7_05_v3	796714	G	218	PASS
Pf3D7_05_v3	958440	A	323	PASS
Pf3D7_05_v3	960989	A	99	PASS
Pf3D7_05_v3	960990	G	93	PASS
Pf3D7_05_v3	961013	A	102	PASS
Pf3D7_05_v3	961566	T	211	PASS
Pf3D7_05_v3	961625	G	212	PASS
Pf3D7_06_v3	574938	A	305	PASS
Pf3D7_06_v3	1282691	G	1362	PASS
Pf3D7_07_v3	403687	C	817	PASS
Pf3D7_07_v3	403688	A	814	PASS
Pf3D7_07_v3	403689	C	816	PASS
Pf3D7_07_v3	404836	G	568	PASS
Pf3D7_07_v3	405599	A	871	PASS
Pf3D7_07_v3	405600	T	870	PASS
Pf3D7_07_v3	461139	G	2558	PASS
Pf3D7_07_v3	635985	T	951	PASS
Pf3D7_07_v3	1044052	C	735	PASS
Pf3D7_07_v3	1213486	G	2800	PASS
Pf3D7_07_v3	1308383	T	759	PASS
Pf3D7_07_v3	1359218	A	76	PASS
Pf3D7_08_v3	339406	G	140	PASS
Pf3D7_08_v3	413067	G	221	PASS
Pf3D7_08_v3	550117	C	358	PASS
Pf3D7_08_v3	550212	G	356	PASS
Pf3D7_08_v3	1313202	C	127	PASS
Pf3D7_09_v3	163977	T	568	PASS
Pf3D7_09_v3	599655	G	1367	PASS
Pf3D7_09_v3	1379145	A	1268	PASS
Pf3D7_10_v3	317581	A	1310	PASS
Pf3D7_10_v3	336274	G	137	PASS
Pf3D7_10_v3	1385894	C	423	PASS
Pf3D7_11_v3	408668	A	233	PASS
Pf3D7_11_v3	828596	T	703	PASS
Pf3D7_11_v3	1018899	C	718	PASS
Pf3D7_11_v3	1294107	C	303	PASS
Pf3D7_11_v3	1802201	G	344	PASS
Pf3D7_11_v3	1935227	A	170	PASS
Pf3D7_12_v3	857245	G	382	PASS
Pf3D7_12_v3	1663492	A	386	PASS
Pf3D7_12_v3	1934745	G	747	PASS
Pf3D7_13_v3	159086	G	713	PASS
Pf3D7_13_v3	748395	C	728	PASS
Pf3D7_13_v3	1233218	T	296	PASS
Pf3D7_13_v3	1466422	G	626	PASS
Pf3D7_13_v3	1725114	A	481	PASS
Pf3D7_13_v3	1725115	A	482	PASS
Pf3D7_13_v3	1725116	A	480	PASS
Pf3D7_13_v3	1725117	A	480	PASS
Pf3D7_13_v3	1725118	G	481	PASS
Pf3D7_13_v3	1725119	C	480	PASS
Pf3D7_13_v3	1725120	T	482	PASS
Pf3D7_13_v3	1725121	G	479	PASS
Pf3D7_13_v3	1725122	C	477	PASS
Pf3D7_13_v3	1725123	T	478	PASS
Pf3D7_13_v3	1725124	C	480	PASS
Pf3D7_13_v3	1725125	C	483	PASS
Pf3D7_13_v3	1725126	T	481	PASS
Pf3D7_13_v3	1725127	G	472	PASS
Pf3D7_13_v3	1725128	A	481	PASS
Pf3D7_13_v3	1725129	A	478	PASS
Pf3D7_13_v3	1725130	C	484	PASS
Pf3D7_13_v3	1725131	T	482	PASS
Pf3D7_13_v3	1725132	T	482	PASS
Pf3D7_13_v3	1725133	C	479	PASS
Pf3D7_13_v3	1725134	T	483	PASS
Pf3D7_13_v3	1725135	A	484	PASS
Pf3D7_13_v3	1725136	G	454	PASS
Pf3D7_13_v3	1725137	C	482	PASS
Pf3D7_13_v3	1725138	T	482	PASS
Pf3D7_13_v3	1725139	T	483	PASS
Pf3D7_13_v3	1725140	C	482	PASS
Pf3D7_13_v3	1725141	T	485	PASS
Pf3D7_13_v3	1725142	A	483	PASS
Pf3D7_13_v3	1725143	A	481	PASS
Pf3D7_13_v3	1725144	T	485	PASS
Pf3D7_13_v3	1725145	A	483	PASS
Pf3D7_13_v3	1725146	A	481	PASS
Pf3D7_13_v3	1725147	G	478	PASS
Pf3D7_13_v3	1725148	G	476	PASS
Pf3D7_13_v3	1725149	C	483	PASS
Pf3D7_13_v3	1725150	A	483	PASS
Pf3D7_13_v3	1725151	T	480	PASS
Pf3D7_13_v3	1725152	A	485	PASS
Pf3D7_13_v3	1725153	T	483	PASS
Pf3D7_13_v3	1725154	G	481	PASS
Pf3D7_13_v3	1725155	G	481	PASS
Pf3D7_13_v3	1725156	A	477	PASS
Pf3D7_13_v3	1725157	A	482	PASS
Pf3D7_13_v3	1725158	A	479	PASS
Pf3D7_13_v3	1725159	T	480	PASS
Pf3D7_13_v3	1725160	T	484	PASS
Pf3D7_13_v3	1725161	G	484	PASS
Pf3D7_13_v3	1725162	T	481	PASS
Pf3D7_13_v3	1725163	T	480	PASS
Pf3D7_13_v3	1725164	C	483	PASS
Pf3D7_13_v3	1725165	C	483	PASS
Pf3D7_13_v3	1725166	C	478	PASS
Pf3D7_13_v3	1725167	A	483	PASS
Pf3D7_13_v3	1725168	T	483	PASS
Pf3D7_13_v3	1725169	T	480	PASS
Pf3D7_13_v3	1725170	T	485	PASS
Pf3D7_13_v3	1725171	A	487	PASS
Pf3D7_13_v3	1725172	T	484	PASS
Pf3D7_13_v3	1725173	T	487	PASS
Pf3D7_13_v3	1725174	C	487	PASS
Pf3D7_13_v3	1725175	A	484	PASS
Pf3D7_13_v3	1725176	T	477	PASS
Pf3D7_13_v3	1725177	T	479	PASS
Pf3D7_13_v3	1725178	T	479	PASS
Pf3D7_13_v3	1725179	T	476	PASS
Pf3D7_13_v3	1725180	T	477	PASS
Pf3D7_13_v3	1725181	T	478	PASS
Pf3D7_13_v3	1725182	C	487	PASS
Pf3D7_13_v3	1725183	T	485	PASS
Pf3D7_13_v3	1725184	T	483	PASS
Pf3D7_13_v3	1725185	C	486	PASS
Pf3D7_13_v3	1725186	A	485	PASS
Pf3D7_13_v3	1725187	T	487	PASS
Pf3D7_13_v3	1725188	A	487	PASS
Pf3D7_13_v3	1725189	T	486	PASS
Pf3D7_13_v3	1725190	A	485	PASS
Pf3D7_13_v3	1725191	C	486	PASS
Pf3D7_13_v3	1725192	T	483	PASS
Pf3D7_13_v3	1725193	T	485	PASS
Pf3D7_13_v3	1725194	C	487	PASS
Pf3D7_13_v3	1725195	A	485	PASS
Pf3D7_13_v3	1725196	A	485	PASS
Pf3D7_13_v3	1725197	T	486	PASS
Pf3D7_13_v3	1725198	A	487	PASS
Pf3D7_13_v3	1725199	G	487	PASS
Pf3D7_13_v3	1725200	A	485	PASS
Pf3D7_13_v3	1725201	A	485	PASS
Pf3D7_13_v3	1725202	T	486	PASS
Pf3D7_13_v3	1725203	T	484	PASS
Pf3D7_13_v3	1725204	T	484	PASS
Pf3D7_13_v3	1725205	A	487	PASS
Pf3D7_13_v3	1725206	A	484	PASS
Pf3D7_13_v3	1725207	T	487	PASS
Pf3D7_13_v3	1725208	C	487	PASS
Pf3D7_13_v3	1725209	T	487	PASS
Pf3D7_13_v3	1725210	C	487	PASS
Pf3D7_13_v3	1725211	T	484	PASS
Pf3D7_13_v3	1725212	C	486	PASS
Pf3D7_13_v3	1725213	A	486	PASS
Pf3D7_13_v3	1725214	C	487	PASS
Pf3D7_13_v3	1725215	C	487	PASS
Pf3D7_13_v3	1725216	A	486	PASS
Pf3D7_13_v3	1725217	T	488	PASS
Pf3D7_13_v3	1725218	T	488	PASS
Pf3D7_13_v3	1725219	A	486	PASS
Pf3D7_13_v3	1725220	G	437	PASS
Pf3D7_13_v3	1725221	T	470	PASS
Pf3D7_13_v3	1725222	T	381	PASS
Pf3D7_13_v3	1725223	C	467	PASS
Pf3D7_13_v3	1725224	C	447	PASS
Pf3D7_13_v3	1725225	A	421	PASS
Pf3D7_13_v3	1725226	C	438	PASS
Pf3D7_13_v3	1725227	C	426	PASS
Pf3D7_13_v3	1725228	A	478	PASS
Pf3D7_13_v3	1725229	A	452	PASS
Pf3D7_13_v3	1725230	T	427	PASS
Pf3D7_13_v3	1725231	G	452	PASS
Pf3D7_13_v3	1725232	A	456	PASS
Pf3D7_13_v3	1725233	C	443	PASS
Pf3D7_13_v3	1725234	A	469	PASS
Pf3D7_13_v3	1725235	T	465	PASS
Pf3D7_13_v3	1725236	A	482	PASS
Pf3D7_13_v3	1725237	A	479	PASS
Pf3D7_13_v3	1725238	A	451	PASS
Pf3D7_13_v3	1725239	T	480	PASS
Pf3D7_13_v3	1725240	T	478	PASS
Pf3D7_13_v3	1725241	T	474	PASS
Pf3D7_13_v3	1725242	T	465	PASS
Pf3D7_13_v3	1725243	A	461	PASS
Pf3D7_13_v3	1725244	T	479	PASS
Pf3D7_13_v3	1725245	T	451	PASS
Pf3D7_13_v3	1725246	A	441	PASS
Pf3D7_13_v3	1725247	T	425	PASS
Pf3D7_13_v3	1725248	C	439	PASS
Pf3D7_13_v3	1725249	A	481	PASS
Pf3D7_13_v3	1725250	A	475	PASS
Pf3D7_13_v3	1725251	A	480	PASS
Pf3D7_13_v3	1725252	A	422	PASS
Pf3D7_13_v3	1725253	G	415	PASS
Pf3D7_13_v3	1725254	C	450	PASS
Pf3D7_13_v3	1725255	A	474	PASS
Pf3D7_13_v3	1725256	A	427	PASS
Pf3D7_13_v3	1725257	C	439	PASS
Pf3D7_13_v3	1725258	A	410	PASS
Pf3D7_13_v3	1725259	C	461	PASS
Pf3D7_13_v3	1725260	A	430	PASS
Pf3D7_13_v3	1725261	C	446	PASS
Pf3D7_13_v3	1725262	A	459	PASS
Pf3D7_13_v3	1725263	T	437	PASS
Pf3D7_13_v3	1725264	A	464	PASS
Pf3D7_13_v3	1725265	G	449	PASS
Pf3D7_13_v3	1725266	C	466	PASS
Pf3D7_13_v3	1725267	T	420	PASS
Pf3D7_13_v3	1725268	G	434	PASS
Pf3D7_13_v3	1725269	A	451	PASS
Pf3D7_13_v3	1725270	T	462	PASS
Pf3D7_13_v3	1725271	G	427	PASS
Pf3D7_13_v3	1725272	A	454	PASS
Pf3D7_13_v3	1725273	T	445	PASS
Pf3D7_13_v3	1725274	C	452	PASS
Pf3D7_13_v3	1725275	T	449	PASS
Pf3D7_13_v3	1725276	A	439	PASS
Pf3D7_13_v3	1725277	G	483	PASS
Pf3D7_13_v3	1725278	G	479	PASS
Pf3D7_13_v3	1725279	G	475	PASS
Pf3D7_13_v3	1725280	G	452	PASS
Pf3D7_13_v3	1725281	T	462	PASS
Pf3D7_13_v3	1725282	A	445	PASS
Pf3D7_13_v3	1725283	T	477	PASS
Pf3D7_13_v3	1725284	T	442	PASS
Pf3D7_13_v3	1725285	C	425	PASS
Pf3D7_13_v3	1725286	A	483	PASS
Pf3D7_13_v3	1725287	A	478	PASS
Pf3D7_13_v3	1725288	A	458	PASS
Pf3D7_13_v3	1725289	G	477	PASS
Pf3D7_13_v3	1725452	C	213	PASS
Pf3D7_13_v3	1725453	T	212	PASS
Pf3D7_13_v3	1725454	C	213	PASS
Pf3D7_13_v3	1725455	T	213	PASS
Pf3D7_13_v3	1725456	T	212	PASS
Pf3D7_13_v3	1725457	A	211	PASS
Pf3D7_13_v3	1725458	A	213	PASS
Pf3D7_13_v3	1725459	A	210	PASS
Pf3D7_13_v3	1725460	C	210	PASS
Pf3D7_13_v3	1725461	G	213	PASS
Pf3D7_13_v3	1725462	A	210	PASS
Pf3D7_13_v3	1725463	T	210	PASS
Pf3D7_13_v3	1725464	C	212	PASS
Pf3D7_13_v3	1725465	A	213	PASS
Pf3D7_13_v3	1725466	T	212	PASS
Pf3D7_13_v3	1725467	A	213	PASS
Pf3D7_13_v3	1725468	C	211	PASS
Pf3D7_13_v3	1725469	A	212	PASS
Pf3D7_13_v3	1725470	C	210	PASS
Pf3D7_13_v3	1725471	C	212	PASS
Pf3D7_13_v3	1725472	T	212	PASS
Pf3D7_13_v3	1725473	C	212	PASS
Pf3D7_13_v3	1725474	A	211	PASS
Pf3D7_13_v3	1725475	G	204	PASS
Pf3D7_13_v3	1725476	T	212	PASS
Pf3D7_13_v3	1725477	T	213	PASS
Pf3D7_13_v3	1725478	T	211	PASS
Pf3D7_13_v3	1725479	C	213	PASS
Pf3D7_13_v3	1725480	A	212	PASS
Pf3D7_13_v3	1725481	A	212	PASS
Pf3D7_13_v3	1725482	A	211	PASS
Pf3D7_13_v3	1725483	T	213	PASS
Pf3D7_13_v3	1725484	A	213	PASS
Pf3D7_13_v3	1725485	A	211	PASS
Pf3D7_13_v3	1725486	A	213	PASS
Pf3D7_13_v3	1725487	G	213	PASS
Pf3D7_13_v3	1725488	C	212	PASS
Pf3D7_13_v3	1725489	C	212	PASS
Pf3D7_13_v3	1725490	T	212	PASS
Pf3D7_13_v3	1725491	T	211	PASS
Pf3D7_13_v3	1725492	A	211	PASS
Pf3D7_13_v3	1725493	T	212	PASS
Pf3D7_13_v3	1725494	A	213	PASS
Pf3D7_13_v3	1725495	A	210	PASS
Pf3D7_13_v3	1725496	T	212	PASS
Pf3D7_13_v3	1725497	C	213	PASS
Pf3D7_13_v3	1725498	A	212	PASS
Pf3D7_13_v3	1725499	T	212	PASS
Pf3D7_13_v3	1725500	A	213	PASS
Pf3D7_13_v3	1725501	G	211	PASS
Pf3D7_13_v3	1725502	T	211	PASS
Pf3D7_13_v3	1725503	T	213	PASS
Pf3D7_13_v3	1725504	A	212	PASS
Pf3D7_13_v3	1725505	T	212	PASS
Pf3D7_13_v3	1725506	T	213	PASS
Pf3D7_13_v3	1725507	A	212	PASS
Pf3D7_13_v3	1725508	C	213	PASS
Pf3D7_13_v3	1725509	C	213	PASS
Pf3D7_13_v3	1725510	A	213	PASS
Pf3D7_13_v3	1725511	C	213	PASS
Pf3D7_13_v3	1725512	C	213	PASS
Pf3D7_13_v3	1725513	A	212	PASS
Pf3D7_13_v3	1725514	A	212	PASS
Pf3D7_13_v3	1725515	A	211	PASS
Pf3D7_13_v3	1725516	A	212	PASS
Pf3D7_13_v3	1725517	A	212	PASS
Pf3D7_13_v3	1725518	C	213	PASS
Pf3D7_13_v3	1725519	G	213	PASS
Pf3D7_13_v3	1725520	T	213	PASS
Pf3D7_13_v3	1725521	A	213	PASS
Pf3D7_13_v3	1725522	T	212	PASS
Pf3D7_13_v3	1725523	A	213	PASS
Pf3D7_13_v3	1725524	A	212	PASS
Pf3D7_13_v3	1725525	G	213	PASS
Pf3D7_13_v3	1725526	A	213	PASS
Pf3D7_13_v3	1725527	A	212	PASS
Pf3D7_13_v3	1725528	A	213	PASS
Pf3D7_13_v3	1725529	T	210	PASS
Pf3D7_13_v3	1725530	T	213	PASS
Pf3D7_13_v3	1725531	A	213	PASS
Pf3D7_13_v3	1725532	T	213	PASS
Pf3D7_13_v3	1725533	T	212	PASS
Pf3D7_13_v3	1725534	C	212	PASS
Pf3D7_13_v3	1725535	A	211	PASS
Pf3D7_13_v3	1725536	A	213	PASS
Pf3D7_13_v3	1725537	T	213	PASS
Pf3D7_13_v3	1725538	A	212	PASS
Pf3D7_13_v3	1725539	C	213	PASS
Pf3D7_13_v3	1725540	A	213	PASS
Pf3D7_13_v3	1725541	G	213	PASS
Pf3D7_13_v3	1725542	C	213	PASS
Pf3D7_13_v3	1725543	A	212	PASS
Pf3D7_13_v3	1725544	C	213	PASS
Pf3D7_13_v3	1725545	T	211	PASS
Pf3D7_13_v3	1725546	T	213	PASS
Pf3D7_13_v3	1725547	C	213	PASS
Pf3D7_13_v3	1725548	C	212	PASS
Pf3D7_13_v3	1725549	A	212	PASS
Pf3D7_13_v3	1725550	A	213	PASS
Pf3D7_13_v3	1725551	A	213	PASS
Pf3D7_13_v3	1725552	A	213	PASS
Pf3D7_13_v3	1725553	T	213	PASS
Pf3D7_13_v3	1725554	A	213	PASS
Pf3D7_13_v3	1725555	A	211	PASS
Pf3D7_13_v3	1725556	G	213	PASS
Pf3D7_13_v3	1725557	C	213	PASS
Pf3D7_13_v3	1725558	T	210	PASS
Pf3D7_13_v3	1725559	T	211	PASS
Pf3D7_13_v3	1725560	T	211	PASS
Pf3D7_13_v3	1725561	T	210	PASS
Pf3D7_13_v3	1725562	T	211	PASS
Pf3D7_13_v3	1725563	T	211	PASS
Pf3D7_13_v3	1725564	G	213	PASS
Pf3D7_13_v3	1725565	G	212	PASS
Pf3D7_13_v3	1725566	T	213	PASS
Pf3D7_13_v3	1725567	A	213	PASS
Pf3D7_13_v3	1725568	G	213	PASS
Pf3D7_13_v3	1725569	A	213	PASS
Pf3D7_13_v3	1725570	C	213	PASS
Pf3D7_13_v3	1725571	A	212	PASS
Pf3D7_13_v3	1725572	T	213	PASS
Pf3D7_13_v3	1725573	A	212	PASS
Pf3D7_13_v3	1725574	G	213	PASS
Pf3D7_13_v3	1725575	G	212	PASS
Pf3D7_13_v3	1725576	T	214	PASS
Pf3D7_13_v3	1725577	G	213	PASS
Pf3D7_13_v3	1725578	T	209	PASS
Pf3D7_13_v3	1725579	A	210	PASS
Pf3D7_13_v3	1725580	C	211	PASS
Pf3D7_13_v3	1725581	A	206	PASS
Pf3D7_13_v3	1725582	C	213	PASS
Pf3D7_13_v3	1725583	A	207	PASS
Pf3D7_13_v3	1725584	T	208	PASS
Pf3D7_13_v3	1725585	A	205	PASS
Pf3D7_13_v3	1725586	C	206	PASS
Pf3D7_13_v3	1725587	G	207	PASS
Pf3D7_13_v3	1725588	C	196	PASS
Pf3D7_13_v3	1725589	C	210	PASS
Pf3D7_13_v3	1725590	A	211	PASS
Pf3D7_13_v3	1725591	G	205	PASS
Pf3D7_13_v3	1725592	C	208	PASS
Pf3D7_13_v3	1725593	A	209	PASS
Pf3D7_13_v3	1725594	T	211	PASS
Pf3D7_13_v3	1725595	T	211	PASS
Pf3D7_13_v3	1725596	G	211	PASS
Pf3D7_13_v3	1725597	T	213	PASS
Pf3D7_13_v3	1725598	T	210	PASS
Pf3D7_13_v3	1725599	G	209	PASS
Pf3D7_13_v3	1725600	A	208	PASS
Pf3D7_13_v3	1725601	C	207	PASS
Pf3D7_13_v3	1725602	T	211	PASS
Pf3D7_13_v3	1725603	A	212	PASS
Pf3D7_13_v3	1725604	A	210	PASS
Pf3D7_13_v3	1725605	T	210	PASS
Pf3D7_13_v3	1725606	A	209	PASS
Pf3D7_13_v3	1725607	T	208	PASS
Pf3D7_13_v3	1725608	C	210	PASS
Pf3D7_13_v3	1725609	T	208	PASS
Pf3D7_13_v3	1725610	A	212	PASS
Pf3D7_13_v3	1725611	A	210	PASS
Pf3D7_13_v3	1725780	T	277	PASS
Pf3D7_13_v3	1725781	A	282	PASS
Pf3D7_13_v3	1725782	T	282	PASS
Pf3D7_13_v3	1725783	A	284	PASS
Pf3D7_13_v3	1725784	A	284	PASS
Pf3D7_13_v3	1725785	T	278	PASS
Pf3D7_13_v3	1725786	T	283	PASS
Pf3D7_13_v3	1725787	C	284	PASS
Pf3D7_13_v3	1725788	T	284	PASS
Pf3D7_13_v3	1725789	A	283	PASS
Pf3D7_13_v3	1725790	A	282	PASS
Pf3D7_13_v3	1725791	A	280	PASS
Pf3D7_13_v3	1725792	T	282	PASS
Pf3D7_13_v3	1725793	A	283	PASS
Pf3D7_13_v3	1725794	A	283	PASS
Pf3D7_13_v3	1725795	C	283	PASS
Pf3D7_13_v3	1725796	T	283	PASS
Pf3D7_13_v3	1725797	C	282	PASS
Pf3D7_13_v3	1725798	A	282	PASS
Pf3D7_13_v3	1725799	C	284	PASS
Pf3D7_13_v3	1725800	T	284	PASS
Pf3D7_13_v3	1725801	A	282	PASS
Pf3D7_13_v3	1725802	T	282	PASS
Pf3D7_13_v3	1725803	C	283	PASS
Pf3D7_13_v3	1725804	C	283	PASS
Pf3D7_13_v3	1725805	C	281	PASS
Pf3D7_13_v3	1725806	T	282	PASS
Pf3D7_13_v3	1725807	A	281	PASS
Pf3D7_13_v3	1725808	T	283	PASS
Pf3D7_13_v3	1725809	C	284	PASS
Pf3D7_13_v3	1725810	T	284	PASS
Pf3D7_13_v3	1725811	A	282	PASS
Pf3D7_13_v3	1725812	A	280	PASS
Pf3D7_13_v3	1725813	G	283	PASS
Pf3D7_13_v3	1725814	A	278	PASS
Pf3D7_13_v3	1725815	A	284	PASS
Pf3D7_13_v3	1725816	T	283	PASS
Pf3D7_13_v3	1725817	A	284	PASS
Pf3D7_13_v3	1725818	T	283	PASS
Pf3D7_13_v3	1725819	T	283	PASS
Pf3D7_13_v3	1725820	C	284	PASS
Pf3D7_13_v3	1725821	T	284	PASS
Pf3D7_13_v3	1725822	T	283	PASS
Pf3D7_13_v3	1725823	C	284	PASS
Pf3D7_13_v3	1725824	C	284	PASS
Pf3D7_13_v3	1725825	T	283	PASS
Pf3D7_13_v3	1725826	T	282	PASS
Pf3D7_13_v3	1725827	G	284	PASS
Pf3D7_13_v3	1725828	T	282	PASS
Pf3D7_13_v3	1725829	T	282	PASS
Pf3D7_13_v3	1725830	T	284	PASS
Pf3D7_13_v3	1725831	A	284	PASS
Pf3D7_13_v3	1725832	T	283	PASS
Pf3D7_13_v3	1725833	C	284	PASS
Pf3D7_13_v3	1725834	T	284	PASS
Pf3D7_13_v3	1725835	C	284	PASS
Pf3D7_13_v3	1725836	T	282	PASS
Pf3D7_13_v3	1725837	G	284	PASS
Pf3D7_13_v3	1725838	G	284	PASS
Pf3D7_13_v3	1725839	T	283	PASS
Pf3D7_13_v3	1725840	T	283	PASS
Pf3D7_13_v3	1725841	A	283	PASS
Pf3D7_13_v3	1725842	C	284	PASS
Pf3D7_13_v3	1725843	A	284	PASS
Pf3D7_13_v3	1725844	T	284	PASS
Pf3D7_13_v3	1725845	G	284	PASS
Pf3D7_13_v3	1725846	A	283	PASS
Pf3D7_13_v3	1725847	T	283	PASS
Pf3D7_13_v3	1725848	G	284	PASS
Pf3D7_13_v3	1725849	T	283	PASS
Pf3D7_13_v3	1725850	C	283	PASS
Pf3D7_13_v3	1725851	T	282	PASS
Pf3D7_13_v3	1725852	T	283	PASS
Pf3D7_13_v3	1725853	C	284	PASS
Pf3D7_13_v3	1725854	C	284	PASS
Pf3D7_13_v3	1725855	A	280	PASS
Pf3D7_13_v3	1725856	C	284	PASS
Pf3D7_13_v3	1725857	T	284	PASS
Pf3D7_13_v3	1725858	T	283	PASS
Pf3D7_13_v3	1725859	A	284	PASS
Pf3D7_13_v3	1725860	A	284	PASS
Pf3D7_13_v3	1725861	T	283	PASS
Pf3D7_13_v3	1725862	A	283	PASS
Pf3D7_13_v3	1725863	A	281	PASS
Pf3D7_13_v3	1725864	T	284	PASS
Pf3D7_13_v3	1725865	T	283	PASS
Pf3D7_13_v3	1725866	T	283	PASS
Pf3D7_13_v3	1725867	C	283	PASS
Pf3D7_13_v3	1725868	T	283	PASS
Pf3D7_13_v3	1725869	C	284	PASS
Pf3D7_13_v3	1725870	T	283	PASS
Pf3D7_13_v3	1725871	A	282	PASS
Pf3D7_13_v3	1725872	T	284	PASS
Pf3D7_13_v3	1725873	A	283	PASS
Pf3D7_13_v3	1725874	A	284	PASS
Pf3D7_13_v3	1725875	A	283	PASS
Pf3D7_13_v3	1725876	T	284	PASS
Pf3D7_13_v3	1725877	G	284	PASS
Pf3D7_13_v3	1725878	A	281	PASS
Pf3D7_13_v3	1725879	A	283	PASS
Pf3D7_13_v3	1725880	T	283	PASS
Pf3D7_13_v3	1725881	C	283	PASS
Pf3D7_13_v3	1725882	T	283	PASS
Pf3D7_13_v3	1725883	T	284	PASS
Pf3D7_13_v3	1725884	T	284	PASS
Pf3D7_13_v3	1725885	T	284	PASS
Pf3D7_13_v3	1725886	T	282	PASS
Pf3D7_13_v3	1725887	G	283	PASS
Pf3D7_13_v3	1725888	T	283	PASS
Pf3D7_13_v3	1725889	T	283	PASS
Pf3D7_13_v3	1725890	G	284	PASS
Pf3D7_13_v3	1725891	T	284	PASS
Pf3D7_13_v3	1725892	G	284	PASS
Pf3D7_13_v3	1725893	T	284	PASS
Pf3D7_13_v3	1725894	T	283	PASS
Pf3D7_13_v3	1725895	A	282	PASS
Pf3D7_13_v3	1725896	A	267	PASS
Pf3D7_13_v3	1725897	G	278	PASS
Pf3D7_13_v3	1725898	G	268	PASS
Pf3D7_13_v3	1725899	T	279	PASS
Pf3D7_13_v3	1725900	A	254	PASS
Pf3D7_13_v3	1725901	T	273	PASS
Pf3D7_13_v3	1725902	G	264	PASS
Pf3D7_13_v3	1725903	T	266	PASS
Pf3D7_13_v3	1725904	C	261	PASS
Pf3D7_13_v3	1725905	T	266	PASS
Pf3D7_13_v3	1725906	A	267	PASS
Pf3D7_13_v3	1725907	G	263	PASS
Pf3D7_13_v3	1725908	A	269	PASS
Pf3D7_13_v3	1725909	T	275	PASS
Pf3D7_13_v3	1725910	G	261	PASS
Pf3D7_13_v3	1725911	T	282	PASS
Pf3D7_13_v3	1725912	T	282	PASS
Pf3D7_13_v3	1725913	T	252	PASS
Pf3D7_13_v3	1725914	C	244	PASS
Pf3D7_13_v3	1725915	A	280	PASS
Pf3D7_13_v3	1725916	A	282	PASS
Pf3D7_13_v3	1725917	A	278	PASS
Pf3D7_13_v3	1725918	A	278	PASS
Pf3D7_13_v3	1725919	A	278	PASS
Pf3D7_13_v3	1725920	T	268	PASS
Pf3D7_13_v3	1725921	A	263	PASS
Pf3D7_13_v3	1725922	G	252	PASS
Pf3D7_13_v3	1725923	C	249	PASS
Pf3D7_13_v3	1725924	T	231	PASS
Pf3D7_13_v3	1725925	C	272	PASS
Pf3D7_13_v3	1725926	C	250	PASS
Pf3D7_13_v3	1725927	A	216	PASS
Pf3D7_13_v3	1725928	C	249	PASS
Pf3D7_13_v3	1725929	C	235	PASS
Pf3D7_13_v3	1725930	A	278	PASS
Pf3D7_13_v3	1725931	A	261	PASS
Pf3D7_13_v3	1725932	C	233	PASS
Pf3D7_13_v3	1725933	A	261	PASS
Pf3D7_13_v3	1725934	T	282	PASS
Pf3D7_13_v3	1725935	T	263	PASS
Pf3D7_13_v3	1725936	A	282	PASS
Pf3D7_13_v3	1725937	A	277	PASS
Pf3D7_13_v3	1725938	T	274	PASS
Pf3D7_13_v3	1725939	A	267	PASS
Pf3D7_13_v3	1725940	T	265	PASS
Pf3D7_13_v3	1725941	C	253	PASS
Pf3D7_13_v3	1725942	A	283	PASS
Pf3D7_13_v3	1725943	A	251	PASS
Pf3D7_13_v3	1725944	T	254	PASS
Pf3D7_13_v3	1725945	C	248	PASS
Pf3D7_13_v3	1725946	A	267	PASS
Pf3D7_13_v3	1725947	T	263	PASS
Pf3D7_13_v3	1725948	A	268	PASS
Pf3D7_13_v3	1725949	G	259	PASS
Pf3D7_13_v3	1725950	T	280	PASS
Pf3D7_13_v3	1725951	T	277	PASS
Pf3D7_13_v3	1725952	T	257	PASS
Pf3D7_13_v3	1725953	C	246	PASS
Pf3D7_13_v3	1725954	A	260	PASS
Pf3D7_13_v3	1725955	G	262	PASS
Pf3D7_13_v3	2161975	A	135	PASS
Pf3D7_13_v3	2504560	A	825	PASS
Pf3D7_14_v3	107014	A	917	PASS
Pf3D7_14_v3	289112	C	253	PASS
Pf3D7_14_v3	289113	G	255	PASS
Pf3D7_14_v3	289114	A	257	PASS
Pf3D7_14_v3	289115	A	257	PASS
Pf3D7_14_v3	289116	C	258	PASS
Pf3D7_14_v3	289117	A	259	PASS
Pf3D7_14_v3	289118	A	256	PASS
Pf3D7_14_v3	289119	G	260	PASS
Pf3D7_14_v3	289120	C	257	PASS
Pf3D7_14_v3	289121	C	258	PASS
Pf3D7_14_v3	289122	G	258	PASS
Pf3D7_14_v3	289123	T	255	PASS
Pf3D7_14_v3	289124	T	257	PASS
Pf3D7_14_v3	289125	T	259	PASS
Pf3D7_14_v3	289126	T	258	PASS
Pf3D7_14_v3	289127	T	258	PASS
Pf3D7_14_v3	289128	A	258	PASS
Pf3D7_14_v3	289129	C	259	PASS
Pf3D7_14_v3	289130	C	260	PASS
Pf3D7_14_v3	289131	T	243	PASS
Pf3D7_14_v3	289132	T	259	PASS
Pf3D7_14_v3	289133	T	258	PASS
Pf3D7_14_v3	289134	T	259	PASS
Pf3D7_14_v3	289135	A	259	PASS
Pf3D7_14_v3	289136	T	258	PASS
Pf3D7_14_v3	289137	T	259	PASS
Pf3D7_14_v3	289138	T	257	PASS
Pf3D7_14_v3	289139	A	259	PASS
Pf3D7_14_v3	289140	C	259	PASS
Pf3D7_14_v3	289141	C	259	PASS
Pf3D7_14_v3	289142	A	259	PASS
Pf3D7_14_v3	289143	T	260	PASS
Pf3D7_14_v3	289144	T	260	PASS
Pf3D7_14_v3	289145	T	259	PASS
Pf3D7_14_v3	289146	G	258	PASS
Pf3D7_14_v3	289147	A	258	PASS
Pf3D7_14_v3	289148	T	258	PASS
Pf3D7_14_v3	289149	G	259	PASS
Pf3D7_14_v3	289150	A	257	PASS
Pf3D7_14_v3	289151	T	259	PASS
Pf3D7_14_v3	289152	A	260	PASS
Pf3D7_14_v3	289153	A	259	PASS
Pf3D7_14_v3	289154	A	259	PASS
Pf3D7_14_v3	289155	C	259	PASS
Pf3D7_14_v3	289156	A	259	PASS
Pf3D7_14_v3	289157	C	260	PASS
Pf3D7_14_v3	289158	A	258	PASS
Pf3D7_14_v3	289159	A	259	PASS
Pf3D7_14_v3	289160	A	259	PASS
Pf3D7_14_v3	289161	G	257	PASS
Pf3D7_14_v3	289162	G	258	PASS
Pf3D7_14_v3	289163	T	253	PASS
Pf3D7_14_v3	289164	T	259	PASS
Pf3D7_14_v3	289165	A	259	PASS
Pf3D7_14_v3	289166	T	260	PASS
Pf3D7_14_v3	289167	T	259	PASS
Pf3D7_14_v3	289168	T	259	PASS
Pf3D7_14_v3	289169	A	260	PASS
Pf3D7_14_v3	289170	A	258	PASS
Pf3D7_14_v3	289171	C	260	PASS
Pf3D7_14_v3	289172	C	261	PASS
Pf3D7_14_v3	289173	A	254	PASS
Pf3D7_14_v3	289174	T	259	PASS
Pf3D7_14_v3	289175	A	255	PASS
Pf3D7_14_v3	289176	G	258	PASS
Pf3D7_14_v3	289177	G	257	PASS
Pf3D7_14_v3	289178	A	254	PASS
Pf3D7_14_v3	289179	G	257	PASS
Pf3D7_14_v3	289180	G	228	PASS
Pf3D7_14_v3	289181	T	258	PASS
Pf3D7_14_v3	289182	A	260	PASS
Pf3D7_14_v3	289183	T	259	PASS
Pf3D7_14_v3	289184	T	261	PASS
Pf3D7_14_v3	289185	G	258	PASS
Pf3D7_14_v3	289186	A	258	PASS
Pf3D7_14_v3	289187	A	260	PASS
Pf3D7_14_v3	289188	G	247	PASS
Pf3D7_14_v3	289189	A	257	PASS
Pf3D7_14_v3	289190	T	260	PASS
Pf3D7_14_v3	289191	A	261	PASS
Pf3D7_14_v3	289192	G	260	PASS
Pf3D7_14_v3	289193	A	261	PASS
Pf3D7_14_v3	289194	T	260	PASS
Pf3D7_14_v3	289195	T	259	PASS
Pf3D7_14_v3	289196	T	260	PASS
Pf3D7_14_v3	289197	T	259	PASS
Pf3D7_14_v3	289198	A	259	PASS
Pf3D7_14_v3	289199	T	259	PASS
Pf3D7_14_v3	289200	G	260	PASS
Pf3D7_14_v3	289201	A	260	PASS
Pf3D7_14_v3	289202	A	259	PASS
Pf3D7_14_v3	289203	G	259	PASS
Pf3D7_14_v3	289204	G	254	PASS
Pf3D7_14_v3	289205	T	253	PASS
Pf3D7_14_v3	289206	C	260	PASS
Pf3D7_14_v3	289207	A	256	PASS
Pf3D7_14_v3	289208	A	258	PASS
Pf3D7_14_v3	289209	T	259	PASS
Pf3D7_14_v3	289210	T	260	PASS
Pf3D7_14_v3	289211	A	261	PASS
Pf3D7_14_v3	289212	A	259	PASS
Pf3D7_14_v3	289213	C	258	PASS
Pf3D7_14_v3	289214	T	260	PASS
Pf3D7_14_v3	289215	T	260	PASS
Pf3D7_14_v3	289216	A	258	PASS
Pf3D7_14_v3	289217	T	257	PASS
Pf3D7_14_v3	289218	G	259	PASS
Pf3D7_14_v3	289219	A	258	PASS
Pf3D7_14_v3	289220	A	254	PASS
Pf3D7_14_v3	289221	A	259	PASS
Pf3D7_14_v3	289222	A	260	PASS
Pf3D7_14_v3	289223	A	260	PASS
Pf3D7_14_v3	289224	T	258	PASS
Pf3D7_14_v3	289225	T	260	PASS
Pf3D7_14_v3	289226	A	261	PASS
Pf3D7_14_v3	289227	A	260	PASS
Pf3D7_14_v3	289228	A	261	PASS
Pf3D7_14_v3	289229	C	261	PASS
Pf3D7_14_v3	289230	C	261	PASS
Pf3D7_14_v3	289231	A	261	PASS
Pf3D7_14_v3	289232	C	261	PASS
Pf3D7_14_v3	289233	G	261	PASS
Pf3D7_14_v3	289234	A	261	PASS
Pf3D7_14_v3	289235	T	261	PASS
Pf3D7_14_v3	289236	T	258	PASS
Pf3D7_14_v3	289237	T	261	PASS
Pf3D7_14_v3	289238	A	260	PASS
Pf3D7_14_v3	289239	T	261	PASS
Pf3D7_14_v3	289240	A	260	PASS
Pf3D7_14_v3	289241	T	260	PASS
Pf3D7_14_v3	289242	T	261	PASS
Pf3D7_14_v3	289243	G	261	PASS
Pf3D7_14_v3	289244	G	261	PASS
Pf3D7_14_v3	289245	C	261	PASS
Pf3D7_14_v3	289246	A	259	PASS
Pf3D7_14_v3	289247	A	261	PASS
Pf3D7_14_v3	289248	G	260	PASS
Pf3D7_14_v3	289249	T	259	PASS
Pf3D7_14_v3	289250	T	260	PASS
Pf3D7_14_v3	289251	G	260	PASS
Pf3D7_14_v3	289252	A	260	PASS
Pf3D7_14_v3	289253	T	260	PASS
Pf3D7_14_v3	289254	T	257	PASS
Pf3D7_14_v3	289255	T	260	PASS
Pf3D7_14_v3	289256	A	260	PASS
Pf3D7_14_v3	289257	G	260	PASS
Pf3D7_14_v3	289258	A	258	PASS
Pf3D7_14_v3	289259	T	258	PASS
Pf3D7_14_v3	289260	C	260	PASS
Pf3D7_14_v3	289261	T	260	PASS
Pf3D7_14_v3	289262	A	244	PASS
Pf3D7_14_v3	289263	C	252	PASS
Pf3D7_14_v3	289264	A	254	PASS
Pf3D7_14_v3	289265	T	260	PASS
Pf3D7_14_v3	289266	T	259	PASS
Pf3D7_14_v3	289267	T	258	PASS
Pf3D7_14_v3	289268	T	255	PASS
Pf3D7_14_v3	289269	G	260	PASS
Pf3D7_14_v3	289270	G	259	PASS
Pf3D7_14_v3	289271	T	256	PASS
Pf3D7_14_v3	289272	A	260	PASS
Pf3D7_14_v3	289273	A	256	PASS
Pf3D7_14_v3	289274	T	259	PASS
Pf3D7_14_v3	289275	T	260	PASS
Pf3D7_14_v3	289276	T	258	PASS
Pf3D7_14_v3	289277	A	259	PASS
Pf3D7_14_v3	289278	A	251	PASS
Pf3D7_14_v3	289279	C	250	PASS
Pf3D7_14_v3	289280	T	258	PASS
Pf3D7_14_v3	289281	G	260	PASS
Pf3D7_14_v3	289282	T	257	PASS
Pf3D7_14_v3	289283	A	258	PASS
Pf3D7_14_v3	289284	G	252	PASS
Pf3D7_14_v3	289285	A	260	PASS
Pf3D7_14_v3	289286	A	259	PASS
Pf3D7_14_v3	289287	A	259	PASS
Pf3D7_14_v3	289288	A	256	PASS
Pf3D7_14_v3	289289	A	256	PASS
Pf3D7_14_v3	289290	G	252	PASS
Pf3D7_14_v3	289291	C	253	PASS
Pf3D7_14_v3	289292	T	258	PASS
Pf3D7_14_v3	289293	A	253	PASS
Pf3D7_14_v3	289294	C	256	PASS
Pf3D7_14_v3	289295	T	259	PASS
Pf3D7_14_v3	289296	G	257	PASS
Pf3D7_14_v3	289297	C	237	PASS
Pf3D7_14_v3	289298	A	259	PASS
Pf3D7_14_v3	289299	A	255	PASS
Pf3D7_14_v3	289300	T	258	PASS
Pf3D7_14_v3	289301	T	256	PASS
Pf3D7_14_v3	289302	G	257	PASS
Pf3D7_14_v3	289303	T	260	PASS
Pf3D7_14_v3	289304	T	256	PASS
Pf3D7_14_v3	289305	G	256	PASS
Pf3D7_14_v3	289306	A	254	PASS
Pf3D7_14_v3	289307	C	252	PASS
Pf3D7_14_v3	289308	A	253	PASS
Pf3D7_14_v3	289309	G	259	PASS
Pf3D7_14_v3	289310	T	253	PASS
Pf3D7_14_v3	289311	G	258	PASS
Pf3D7_14_v3	289312	G	257	PASS
Pf3D7_14_v3	289313	T	257	PASS
Pf3D7_14_v3	289314	A	256	PASS
Pf3D7_14_v3	289315	C	242	PASS
Pf3D7_14_v3	289316	T	255	PASS
Pf3D7_14_v3	289317	A	258	PASS
Pf3D7_14_v3	289318	G	259	PASS
Pf3D7_14_v3	289319	T	259	PASS
Pf3D7_14_v3	289320	T	256	PASS
Pf3D7_14_v3	289321	C	257	PASS
Pf3D7_14_v3	289322	T	258	PASS
Pf3D7_14_v3	289323	A	258	PASS
Pf3D7_14_v3	289324	T	258	PASS
Pf3D7_14_v3	289325	A	256	PASS
Pf3D7_14_v3	289326	A	235	PASS
Pf3D7_14_v3	289327	C	255	PASS
Pf3D7_14_v3	289328	G	257	PASS
Pf3D7_14_v3	289329	G	254	PASS
Pf3D7_14_v3	289330	C	245	PASS
Pf3D7_14_v3	289331	A	234	PASS
Pf3D7_14_v3	289332	C	235	PASS
Pf3D7_14_v3	289333	C	256	PASS
Pf3D7_14_v3	289334	A	258	PASS
Pf3D7_14_v3	289335	A	255	PASS
Pf3D7_14_v3	289336	C	255	PASS
Pf3D7_14_v3	289337	T	257	PASS
Pf3D7_14_v3	289338	G	258	PASS
Pf3D7_14_v3	289339	A	258	PASS
Pf3D7_14_v3	289340	A	253	PASS
Pf3D7_14_v3	289341	T	255	PASS
Pf3D7_14_v3	289342	T	253	PASS
Pf3D7_14_v3	289343	C	253	PASS
Pf3D7_14_v3	289344	C	255	PASS
Pf3D7_14_v3	289345	T	258	PASS
Pf3D7_14_v3	289346	T	253	PASS
Pf3D7_14_v3	289347	A	259	PASS
Pf3D7_14_v3	289348	A	256	PASS
Pf3D7_14_v3	289349	C	254	PASS
Pf3D7_14_v3	289350	A	258	PASS
Pf3D7_14_v3	289351	A	258	PASS
Pf3D7_14_v3	289352	A	258	PASS
Pf3D7_14_v3	289353	T	256	PASS
Pf3D7_14_v3	289354	T	246	PASS
Pf3D7_14_v3	289355	C	252	PASS
Pf3D7_14_v3	289356	T	256	PASS
Pf3D7_14_v3	289357	T	258	PASS
Pf3D7_14_v3	289358	T	248	PASS
Pf3D7_14_v3	289359	G	255	PASS
Pf3D7_14_v3	289360	A	257	PASS
Pf3D7_14_v3	289361	A	257	PASS
Pf3D7_14_v3	289362	G	255	PASS
Pf3D7_14_v3	289363	G	248	PASS
Pf3D7_14_v3	289364	T	257	PASS
Pf3D7_14_v3	289365	T	259	PASS
Pf3D7_14_v3	289366	T	255	PASS
Pf3D7_14_v3	289367	A	256	PASS
Pf3D7_14_v3	289368	G	258	PASS
Pf3D7_14_v3	289369	A	256	PASS
Pf3D7_14_v3	289370	T	238	PASS
Pf3D7_14_v3	289371	G	245	PASS
Pf3D7_14_v3	289568	-	-	LowDepth
Pf3D7_14_v3	289569	-	-	LowDepth
Pf3D7_14_v3	289570	G	11	PASS
Pf3D7_14_v3	289571	T	11	PASS
Pf3D7_14_v3	289572	G	11	PASS
Pf3D7_14_v3	289573	A	11	PASS
Pf3D7_14_v3	289574	C	11	PASS
Pf3D7_14_v3	289575	C	11	PASS
Pf3D7_14_v3	289576	C	11	PASS
Pf3D7_14_v3	289577	A	11	PASS
Pf3D7_14_v3	289578	T	11	PASS
Pf3D7_14_v3	289579	T	11	PASS
Pf3D7_14_v3	289580	T	10	PASS
Pf3D7_14_v3	289581	A	11	PASS
Pf3D7_14_v3	289582	T	11	PASS
Pf3D7_14_v3	289583	G	11	PASS
Pf3D7_14_v3	289584	A	11	PASS
Pf3D7_14_v3	289585	G	11	PASS
Pf3D7_14_v3	289586	A	11	PASS
Pf3D7_14_v3	289587	A	11	PASS
Pf3D7_14_v3	289588	A	11	PASS
Pf3D7_14_v3	289589	A	11	PASS
Pf3D7_14_v3	289590	T	11	PASS
Pf3D7_14_v3	289591	A	11	PASS
Pf3D7_14_v3	289592	T	11	PASS
Pf3D7_14_v3	289593	T	11	PASS
Pf3D7_14_v3	289594	T	11	PASS
Pf3D7_14_v3	289595	C	11	PASS
Pf3D7_14_v3	289596	A	11	PASS
Pf3D7_14_v3	289597	C	11	PASS
Pf3D7_14_v3	289598	C	11	PASS
Pf3D7_14_v3	289599	G	11	PASS
Pf3D7_14_v3	289600	T	11	PASS
Pf3D7_14_v3	289601	C	11	PASS
Pf3D7_14_v3	289602	T	11	PASS
Pf3D7_14_v3	289603	T	11	PASS
Pf3D7_14_v3	289604	T	11	PASS
Pf3D7_14_v3	289605	G	11	PASS
Pf3D7_14_v3	289606	A	11	PASS
Pf3D7_14_v3	289607	T	11	PASS
Pf3D7_14_v3	289608	T	11	PASS
Pf3D7_14_v3	289609	A	11	PASS
Pf3D7_14_v3	289610	T	11	PASS
Pf3D7_14_v3	289611	G	11	PASS
Pf3D7_14_v3	289612	A	11	PASS
Pf3D7_14_v3	289613	T	11	PASS
Pf3D7_14_v3	289614	A	11	PASS
Pf3D7_14_v3	289615	A	11	PASS
Pf3D7_14_v3	289616	T	11	PASS
Pf3D7_14_v3	289617	C	11	PASS
Pf3D7_14_v3	289618	A	11	PASS
Pf3D7_14_v3	289619	C	11	PASS
Pf3D7_14_v3	289620	A	11	PASS
Pf3D7_14_v3	289621	C	11	PASS
Pf3D7_14_v3	289622	T	11	PASS
Pf3D7_14_v3	289623	G	11	PASS
Pf3D7_14_v3	289624	T	11	PASS
Pf3D7_14_v3	289625	T	11	PASS
Pf3D7_14_v3	289626	G	11	PASS
Pf3D7_14_v3	289627	G	11	PASS
Pf3D7_14_v3	289628	T	11	PASS
Pf3D7_14_v3	289629	T	11	PASS
Pf3D7_14_v3	289630	T	11	PASS
Pf3D7_14_v3	289631	C	11	PASS
Pf3D7_14_v3	289632	G	10	PASS
Pf3D7_14_v3	289633	C	11	PASS
Pf3D7_14_v3	289634	C	11	PASS
Pf3D7_14_v3	289635	C	11	PASS
Pf3D7_14_v3	289636	T	11	PASS
Pf3D7_14_v3	289637	T	11	PASS
Pf3D7_14_v3	289638	G	11	PASS
Pf3D7_14_v3	289639	C	11	PASS
Pf3D7_14_v3	289640	C	11	PASS
Pf3D7_14_v3	289641	-	-	PASS
Pf3D7_14_v3	289642	-	-	PASS
Pf3D7_14_v3	289643	-	-	PASS
Pf3D7_14_v3	289644	-	-	PASS
Pf3D7_14_v3	289645	-	-	PASS
Pf3D7_14_v3	289646	-	-	PASS
Pf3D7_14_v3	289647	-	-	PASS
Pf3D7_14_v3	289648	-	-	PASS
Pf3D7_14_v3	289649	-	-	PASS
Pf3D7_14_v3	289650	T	11	PASS
Pf3D7_14_v3	289651	T	11	PASS
Pf3D7_14_v3	289652	G	11	PASS
Pf3D7_14_v3	289653	T	11	PASS
Pf3D7_14_v3	289654	A	11	PASS
Pf3D7_14_v3	289655	A	11	PASS
Pf3D7_14_v3	289656	A	11	PASS
Pf3D7_14_v3	289657	T	11	PASS
Pf3D7_14_v3	289658	C	11	PASS
Pf3D7_14_v3	289659	A	11	PASS
Pf3D7_14_v3	289660	C	11	PASS
Pf3D7_14_v3	289661	G	11	PASS
Pf3D7_14_v3	289662	T	11	PASS
Pf3D7_14_v3	289663	T	11	PASS
Pf3D7_14_v3	289664	A	11	PASS
Pf3D7_14_v3	289665	A	11	PASS
Pf3D7_14_v3	289666	A	11	PASS
Pf3D7_14_v3	289667	T	11	PASS
Pf3D7_14_v3	289668	A	11	PASS
Pf3D7_14_v3	289669	A	11	PASS
Pf3D7_14_v3	289670	A	11	PASS
Pf3D7_14_v3	289671	T	11	PASS
Pf3D7_14_v3	289672	G	11	PASS
Pf3D7_14_v3	289673	A	11	PASS
Pf3D7_14_v3	289674	A	11	PASS
Pf3D7_14_v3	289675	T	11	PASS
Pf3D7_14_v3	289676	T	11	PASS
Pf3D7_14_v3	289677	C	11	PASS
Pf3D7_14_v3	289678	A	11	PASS
Pf3D7_14_v3	289679	G	11	PASS
Pf3D7_14_v3	289680	A	11	PASS
Pf3D7_14_v3	289681	T	11	PASS
Pf3D7_14_v3	289682	T	11	PASS
Pf3D7_14_v3	289683	G	11	PASS
Pf3D7_14_v3	289684	A	11	PASS
Pf3D7_14_v3	289685	A	11	PASS
Pf3D7_14_v3	289686	A	11	PASS
Pf3D7_14_v3	289687	G	11	PASS
Pf3D7_14_v3	289688	A	11	PASS
Pf3D7_14_v3	289689	T	11	PASS
Pf3D7_14_v3	289690	A	11	PASS
Pf3D7_14_v3	289691	A	11	PASS
Pf3D7_14_v3	289692	A	10	PASS
Pf3D7_14_v3	289693	A	11	PASS
Pf3D7_14_v3	289694	C	11	PASS
Pf3D7_14_v3	289695	T	11	PASS
Pf3D7_14_v3	289696	G	11	PASS
Pf3D7_14_v3	289697	T	11	PASS
Pf3D7_14_v3	289698	G	11	PASS
Pf3D7_14_v3	289699	T	11	PASS
Pf3D7_14_v3	289700	A	11	PASS
Pf3D7_14_v3	289701	T	11	PASS
Pf3D7_14_v3	289702	A	11	PASS
Pf3D7_14_v3	289703	T	11	PASS
Pf3D7_14_v3	289704	C	11	PASS
Pf3D7_14_v3	289705	T	11	PASS
Pf3D7_14_v3	289706	A	11	PASS
Pf3D7_14_v3	289707	A	11	PASS
Pf3D7_14_v3	289708	C	11	PASS
Pf3D7_14_v3	289709	T	11	PASS
Pf3D7_14_v3	289710	G	11	PASS
Pf3D7_14_v3	289711	T	11	PASS
Pf3D7_14_v3	289712	A	11	PASS
Pf3D7_14_v3	289713	T	11	PASS
Pf3D7_14_v3	289714	A	11	PASS
Pf3D7_14_v3	289715	C	11	PASS
Pf3D7_14_v3	289716	A	10	PASS
Pf3D7_14_v3	289717	-	-	PASS
Pf3D7_14_v3	289718	A	10	PASS
Pf3D7_14_v3	289719	-	-	LowDepth
Pf3D7_14_v3	289720	A	10	PASS
Pf3D7_14_v3	289721	T	10	PASS
Pf3D7_14_v3	289722	A	10	PASS
Pf3D7_14_v3	289723	-	-	LowDepth
Pf3D7_14_v3	289724	A	10	PASS
Pf3D7_14_v3	289725	-	-	PASS
Pf3D7_14_v3	289726	A	10	PASS
Pf3D7_14_v3	289727	-	-	PASS
Pf3D7_14_v3	289728	-	-	PASS
Pf3D7_14_v3	289729	T	10	PASS
Pf3D7_14_v3	289730	A	10	PASS
Pf3D7_14_v3	289731	C	10	PASS
Pf3D7_14_v3	289732	A	10	PASS
Pf3D7_14_v3	289733	T	10	PASS
Pf3D7_14_v3	289734	A	10	PASS
Pf3D7_14_v3	289735	-	-	PASS
Pf3D7_14_v3	289736	A	10	PASS
Pf3D7_14_v3	289737	T	10	PASS
Pf3D7_14_v3	289738	A	10	PASS
Pf3D7_14_v3	289739	C	10	PASS
Pf3D7_14_v3	289740	A	10	PASS
Pf3D7_14_v3	289741	T	11	PASS
Pf3D7_14_v3	289742	A	50	PASS
Pf3D7_14_v3	289743	C	44	PASS
Pf3D7_14_v3	289744	A	54	PASS
Pf3D7_14_v3	289745	T	55	PASS
Pf3D7_14_v3	289746	A	233	PASS
Pf3D7_14_v3	289747	C	213	PASS
Pf3D7_14_v3	289748	A	306	PASS
Pf3D7_14_v3	289749	T	279	PASS
Pf3D7_14_v3	289750	A	309	PASS
Pf3D7_14_v3	289751	C	251	PASS
Pf3D7_14_v3	289752	A	109	PASS
Pf3D7_14_v3	289753	T	128	PASS
Pf3D7_14_v3	289754	A	120	PASS
Pf3D7_14_v3	289755	T	107	PASS
Pf3D7_14_v3	289756	A	108	PASS
Pf3D7_14_v3	289757	T	102	PASS
Pf3D7_14_v3	289758	A	93	PASS
Pf3D7_14_v3	289759	T	77	PASS
Pf3D7_14_v3	289760	A	71	PASS
Pf3D7_14_v3	289761	T	67	PASS
Pf3D7_14_v3	289762	A	66	PASS
Pf3D7_14_v3	289763	T	64	PASS
Pf3D7_14_v3	289764	A	62	PASS
Pf3D7_14_v3	289765	T	61	PASS
Pf3D7_14_v3	289766	A	60	PASS
Pf3D7_14_v3	289767	T	60	PASS
Pf3D7_14_v3	289768	A	59	PASS
Pf3D7_14_v3	289769	T	59	PASS
Pf3D7_14_v3	289770	A	57	PASS
Pf3D7_14_v3	289771	T	56	PASS
Pf3D7_14_v3	289772	A	56	PASS
Pf3D7_14_v3	289773	T	55	PASS
Pf3D7_14_v3	289774	A	53	PASS
Pf3D7_14_v3	289775	T	52	PASS
Pf3D7_14_v3	289776	A	44	PASS
Pf3D7_14_v3	289777	T	54	PASS
Pf3D7_14_v3	289778	A	49	PASS
Pf3D7_14_v3	289779	T	50	PASS
Pf3D7_14_v3	289780	G	44	PASS
Pf3D7_14_v3	289781	T	50	PASS
Pf3D7_14_v3	289782	T	11	PASS
Pf3D7_14_v3	289783	T	15	PASS
Pf3D7_14_v3	289784	A	13	PASS
Pf3D7_14_v3	289785	T	14	PASS
Pf3D7_14_v3	289786	A	12	PASS
Pf3D7_14_v3	289787	T	12	PASS
Pf3D7_14_v3	289788	G	11	PASS
Pf3D7_14_v3	289789	T	11	PASS
Pf3D7_14_v3	289790	T	11	PASS
Pf3D7_14_v3	289791	T	11	PASS
Pf3D7_14_v3	289792	A	11	PASS
Pf3D7_14_v3	289793	C	11	PASS
Pf3D7_14_v3	289794	A	11	PASS
Pf3D7_14_v3	289795	A	11	PASS
Pf3D7_14_v3	289796	T	11	PASS
Pf3D7_14_v3	289797	T	11	PASS
Pf3D7_14_v3	289798	C	11	PASS
Pf3D7_14_v3	289799	A	11	PASS
Pf3D7_14_v3	289800	G	11	PASS
Pf3D7_14_v3	289801	T	11	PASS
Pf3D7_14_v3	289802	T	11	PASS
Pf3D7_14_v3	289803	T	11	PASS
Pf3D7_14_v3	289804	T	11	PASS
Pf3D7_14_v3	289805	T	11	PASS
Pf3D7_14_v3	289806	A	11	PASS
Pf3D7_14_v3	289807	T	11	PASS
Pf3D7_14_v3	289808	A	11	PASS
Pf3D7_14_v3	289809	T	11	PASS
Pf3D7_14_v3	289810	T	11	PASS
Pf3D7_14_v3	289811	A	11	PASS
Pf3D7_14_v3	289812	T	11	PASS
Pf3D7_14_v3	289813	A	11	PASS
Pf3D7_14_v3	289814	A	11	PASS
Pf3D7_14_v3	289815	A	11	PASS
Pf3D7_14_v3	289816	A	11	PASS
Pf3D7_14_v3	289817	C	11	PASS
Pf3D7_14_v3	289818	G	11	PASS
Pf3D7_14_v3	289819	T	11	PASS
Pf3D7_14_v3	289820	G	11	PASS
Pf3D7_14_v3	289821	A	11	PASS
Pf3D7_14_v3	289822	A	11	PASS
Pf3D7_14_v3	289823	T	10	PASS
Pf3D7_14_v3	289824	G	11	PASS
Pf3D7_14_v3	289825	A	10	PASS
Pf3D7_14_v3	289826	T	11	PASS
Pf3D7_14_v3	289827	G	11	PASS
Pf3D7_14_v3	289828	C	11	PASS
Pf3D7_14_v3	289829	T	11	PASS
Pf3D7_14_v3	289830	A	11	PASS
Pf3D7_14_v3	289831	A	11	PASS
Pf3D7_14_v3	289832	A	11	PASS
Pf3D7_14_v3	289833	G	11	PASS
Pf3D7_14_v3	289834	C	11	PASS
Pf3D7_14_v3	289835	T	11	PASS
Pf3D7_14_v3	289836	A	11	PASS
Pf3D7_14_v3	298283	T	543	PASS
Pf3D7_14_v3	298284	G	548	PASS
Pf3D7_14_v3	298285	A	557	PASS
Pf3D7_14_v3	298286	A	557	PASS
Pf3D7_14_v3	298287	C	556	PASS
Pf3D7_14_v3	298288	A	554	PASS
Pf3D7_14_v3	298289	A	547	PASS
Pf3D7_14_v3	298290	G	552	PASS
Pf3D7_14_v3	298291	C	551	PASS
Pf3D7_14_v3	298292	C	555	PASS
Pf3D7_14_v3	298293	G	557	PASS
Pf3D7_14_v3	298294	T	545	PASS
Pf3D7_14_v3	298295	T	552	PASS
Pf3D7_14_v3	298296	T	552	PASS
Pf3D7_14_v3	298297	A	554	PASS
Pf3D7_14_v3	298298	T	553	PASS
Pf3D7_14_v3	298299	T	552	PASS
Pf3D7_14_v3	298300	C	557	PASS
Pf3D7_14_v3	298301	C	554	PASS
Pf3D7_14_v3	298302	A	544	PASS
Pf3D7_14_v3	298303	T	557	PASS
Pf3D7_14_v3	298304	T	556	PASS
Pf3D7_14_v3	298305	T	557	PASS
Pf3D7_14_v3	298306	A	559	PASS
Pf3D7_14_v3	298307	T	557	PASS
Pf3D7_14_v3	298308	T	555	PASS
Pf3D7_14_v3	298309	T	553	PASS
Pf3D7_14_v3	298310	A	557	PASS
Pf3D7_14_v3	298311	C	555	PASS
Pf3D7_14_v3	298312	C	552	PASS
Pf3D7_14_v3	298313	A	558	PASS
Pf3D7_14_v3	298314	C	553	PASS
Pf3D7_14_v3	298315	C	553	PASS
Pf3D7_14_v3	298316	A	556	PASS
Pf3D7_14_v3	298317	G	554	PASS
Pf3D7_14_v3	298318	A	548	PASS
Pf3D7_14_v3	298319	A	556	PASS
Pf3D7_14_v3	298320	A	555	PASS
Pf3D7_14_v3	298321	A	553	PASS
Pf3D7_14_v3	298322	C	554	PASS
Pf3D7_14_v3	298323	A	554	PASS
Pf3D7_14_v3	298324	A	551	PASS
Pf3D7_14_v3	298325	A	553	PASS
Pf3D7_14_v3	298326	A	553	PASS
Pf3D7_14_v3	298327	A	554	PASS
Pf3D7_14_v3	298328	T	556	PASS
Pf3D7_14_v3	298329	A	559	PASS
Pf3D7_14_v3	298330	A	557	PASS
Pf3D7_14_v3	298331	A	556	PASS
Pf3D7_14_v3	298332	G	555	PASS
Pf3D7_14_v3	298333	G	553	PASS
Pf3D7_14_v3	298334	T	538	PASS
Pf3D7_14_v3	298335	T	556	PASS
Pf3D7_14_v3	298336	A	558	PASS
Pf3D7_14_v3	298337	T	555	PASS
Pf3D7_14_v3	298338	T	552	PASS
Pf3D7_14_v3	298339	T	552	PASS
Pf3D7_14_v3	298340	A	557	PASS
Pf3D7_14_v3	298341	A	556	PASS
Pf3D7_14_v3	298342	C	554	PASS
Pf3D7_14_v3	298343	C	555	PASS
Pf3D7_14_v3	298344	A	548	PASS
Pf3D7_14_v3	298345	T	554	PASS
Pf3D7_14_v3	298346	A	555	PASS
Pf3D7_14_v3	298347	G	554	PASS
Pf3D7_14_v3	298348	G	549	PASS
Pf3D7_14_v3	298349	A	553	PASS
Pf3D7_14_v3	298350	G	557	PASS
Pf3D7_14_v3	298351	G	456	PASS
Pf3D7_14_v3	298352	T	552	PASS
Pf3D7_14_v3	298353	A	560	PASS
Pf3D7_14_v3	298354	T	555	PASS
Pf3D7_14_v3	298355	C	556	PASS
Pf3D7_14_v3	298356	G	556	PASS
Pf3D7_14_v3	298357	A	545	PASS
Pf3D7_14_v3	298358	A	554	PASS
Pf3D7_14_v3	298359	G	453	PASS
Pf3D7_14_v3	298360	A	546	PASS
Pf3D7_14_v3	298361	A	552	PASS
Pf3D7_14_v3	298362	A	553	PASS
Pf3D7_14_v3	298363	G	554	PASS
Pf3D7_14_v3	298364	A	557	PASS
Pf3D7_14_v3	298365	T	555	PASS
Pf3D7_14_v3	298366	T	554	PASS
Pf3D7_14_v3	298367	C	557	PASS
Pf3D7_14_v3	298368	T	553	PASS
Pf3D7_14_v3	298369	T	556	PASS
Pf3D7_14_v3	298370	T	554	PASS
Pf3D7_14_v3	298371	G	558	PASS
Pf3D7_14_v3	298372	A	556	PASS
Pf3D7_14_v3	298373	T	554	PASS
Pf3D7_14_v3	298374	G	554	PASS
Pf3D7_14_v3	298375	G	538	PASS
Pf3D7_14_v3	298376	A	549	PASS
Pf3D7_14_v3	298377	C	556	PASS
Pf3D7_14_v3	298378	C	552	PASS
Pf3D7_14_v3	298379	A	554	PASS
Pf3D7_14_v3	298380	T	556	PASS
Pf3D7_14_v3	298381	T	553	PASS
Pf3D7_14_v3	298382	G	556	PASS
Pf3D7_14_v3	298383	A	549	PASS
Pf3D7_14_v3	298384	A	552	PASS
Pf3D7_14_v3	298385	C	557	PASS
Pf3D7_14_v3	298386	T	555	PASS
Pf3D7_14_v3	298387	A	559	PASS
Pf3D7_14_v3	298388	T	555	PASS
Pf3D7_14_v3	298389	G	557	PASS
Pf3D7_14_v3	298390	A	554	PASS
Pf3D7_14_v3	298391	A	550	PASS
Pf3D7_14_v3	298392	A	546	PASS
Pf3D7_14_v3	298393	A	560	PASS
Pf3D7_14_v3	298394	A	559	PASS
Pf3D7_14_v3	298395	T	561	PASS
Pf3D7_14_v3	298396	T	562	PASS
Pf3D7_14_v3	298397	A	558	PASS
Pf3D7_14_v3	298398	A	562	PASS
Pf3D7_14_v3	298399	A	562	PASS
Pf3D7_14_v3	298400	T	560	PASS
Pf3D7_14_v3	298401	C	562	PASS
Pf3D7_14_v3	298402	A	561	PASS
Pf3D7_14_v3	298403	C	561	PASS
Pf3D7_14_v3	298404	G	562	PASS
Pf3D7_14_v3	298405	A	561	PASS
Pf3D7_14_v3	298406	T	561	PASS
Pf3D7_14_v3	298407	T	560	PASS
Pf3D7_14_v3	298408	T	562	PASS
Pf3D7_14_v3	298409	A	562	PASS
Pf3D7_14_v3	298410	A	560	PASS
Pf3D7_14_v3	298411	T	561	PASS
Pf3D7_14_v3	298412	G	561	PASS
Pf3D7_14_v3	298413	T	560	PASS
Pf3D7_14_v3	298414	G	562	PASS
Pf3D7_14_v3	298415	G	561	PASS
Pf3D7_14_v3	298416	C	562	PASS
Pf3D7_14_v3	298417	A	561	PASS
Pf3D7_14_v3	298418	A	558	PASS
Pf3D7_14_v3	298419	G	561	PASS
Pf3D7_14_v3	298420	T	561	PASS
Pf3D7_14_v3	298421	T	562	PASS
Pf3D7_14_v3	298422	G	561	PASS
Pf3D7_14_v3	298423	A	559	PASS
Pf3D7_14_v3	298424	T	561	PASS
Pf3D7_14_v3	298425	T	560	PASS
Pf3D7_14_v3	298426	T	560	PASS
Pf3D7_14_v3	298427	A	562	PASS
Pf3D7_14_v3	298428	G	559	PASS
Pf3D7_14_v3	298429	A	561	PASS
Pf3D7_14_v3	298430	T	561	PASS
Pf3D7_14_v3	298431	G	562	PASS
Pf3D7_14_v3	298432	T	561	PASS
Pf3D7_14_v3	298433	A	490	PASS
Pf3D7_14_v3	298434	C	531	PASS
Pf3D7_14_v3	298435	A	516	PASS
Pf3D7_14_v3	298436	T	556	PASS
Pf3D7_14_v3	298437	T	554	PASS
Pf3D7_14_v3	298438	T	551	PASS
Pf3D7_14_v3	298439	T	498	PASS
Pf3D7_14_v3	298440	G	547	PASS
Pf3D7_14_v3	298441	G	533	PASS
Pf3D7_14_v3	298442	T	528	PASS
Pf3D7_14_v3	298443	A	554	PASS
Pf3D7_14_v3	298444	A	532	PASS
Pf3D7_14_v3	298445	T	532	PASS
Pf3D7_14_v3	298446	G	519	PASS
Pf3D7_14_v3	298447	T	534	PASS
Pf3D7_14_v3	298448	A	503	PASS
Pf3D7_14_v3	298449	T	513	PASS
Pf3D7_14_v3	298450	C	486	PASS
Pf3D7_14_v3	298451	T	552	PASS
Pf3D7_14_v3	298452	T	477	PASS
Pf3D7_14_v3	298453	C	498	PASS
Pf3D7_14_v3	298454	C	483	PASS
Pf3D7_14_v3	298455	A	548	PASS
Pf3D7_14_v3	298456	A	550	PASS
Pf3D7_14_v3	298457	A	552	PASS
Pf3D7_14_v3	298458	A	549	PASS
Pf3D7_14_v3	298459	A	547	PASS
Pf3D7_14_v3	298460	A	533	PASS
Pf3D7_14_v3	298461	G	507	PASS
Pf3D7_14_v3	298462	C	482	PASS
Pf3D7_14_v3	298463	A	553	PASS
Pf3D7_14_v3	298464	A	544	PASS
Pf3D7_14_v3	298465	A	496	PASS
Pf3D7_14_v3	298466	C	488	PASS
Pf3D7_14_v3	298467	G	487	PASS
Pf3D7_14_v3	298468	T	548	PASS
Pf3D7_14_v3	298469	T	519	PASS
Pf3D7_14_v3	298470	A	514	PASS
Pf3D7_14_v3	298471	T	556	PASS
Pf3D7_14_v3	298472	T	550	PASS
Pf3D7_14_v3	298473	T	553	PASS
Pf3D7_14_v3	298474	T	512	PASS
Pf3D7_14_v3	298475	A	521	PASS
Pf3D7_14_v3	298476	G	540	PASS
Pf3D7_14_v3	298477	A	529	PASS
Pf3D7_14_v3	298478	T	522	PASS
Pf3D7_14_v3	298479	A	524	PASS
Pf3D7_14_v3	298480	G	543	PASS
Pf3D7_14_v3	298481	T	501	PASS
Pf3D7_14_v3	298482	G	489	PASS
Pf3D7_14_v3	298483	C	540	PASS
Pf3D7_14_v3	298484	C	492	PASS
Pf3D7_14_v3	298485	A	497	PASS
Pf3D7_14_v3	298486	C	525	PASS
Pf3D7_14_v3	298487	C	494	PASS
Pf3D7_14_v3	298488	A	503	PASS
Pf3D7_14_v3	298489	G	543	PASS
Pf3D7_14_v3	298490	T	504	PASS
Pf3D7_14_v3	298491	G	521	PASS
Pf3D7_14_v3	298492	T	531	PASS
Pf3D7_14_v3	298493	C	489	PASS
Pf3D7_14_v3	298494	A	526	PASS
Pf3D7_14_v3	298495	T	509	PASS
Pf3D7_14_v3	298496	A	553	PASS
Pf3D7_14_v3	298497	A	501	PASS
Pf3D7_14_v3	298498	C	518	PASS
Pf3D7_14_v3	298499	T	520	PASS
Pf3D7_14_v3	298500	G	530	PASS
Pf3D7_14_v3	298501	T	529	PASS
Pf3D7_14_v3	298502	A	476	PASS
Pf3D7_14_v3	298503	C	512	PASS
Pf3D7_14_v3	298504	C	491	PASS
Pf3D7_14_v3	298505	A	556	PASS
Pf3D7_14_v3	298506	A	522	PASS
Pf3D7_14_v3	298507	C	490	PASS
Pf3D7_14_v3	298508	A	534	PASS
Pf3D7_14_v3	298509	G	502	PASS
Pf3D7_14_v3	298510	A	543	PASS
Pf3D7_14_v3	298511	A	513	PASS
Pf3D7_14_v3	298512	T	551	PASS
Pf3D7_14_v3	298513	T	550	PASS
Pf3D7_14_v3	298514	T	552	PASS
Pf3D7_14_v3	298515	T	557	PASS
Pf3D7_14_v3	298516	T	546	PASS
Pf3D7_14_v3	298517	T	479	PASS
Pf3D7_14_v3	298518	A	551	PASS
Pf3D7_14_v3	298519	A	524	PASS
Pf3D7_14_v3	298520	T	468	PASS
Pf3D7_14_v3	298521	C	491	PASS
Pf3D7_14_v3	298522	A	553	PASS
Pf3D7_14_v3	298523	A	490	PASS
Pf3D7_14_v3	298524	T	546	PASS
Pf3D7_14_v3	298525	T	486	PASS
Pf3D7_14_v3	298526	C	520	PASS
Pf3D7_14_v3	298527	G	505	PASS
Pf3D7_14_v3	298528	T	538	PASS
Pf3D7_14_v3	298529	A	515	PASS
Pf3D7_14_v3	298530	G	488	PASS
Pf3D7_14_v3	298531	A	551	PASS
Pf3D7_14_v3	298532	A	505	PASS
Pf3D7_14_v3	298533	T	502	PASS
Pf3D7_14_v3	298534	C	531	PASS
Pf3D7_14_v3	298535	T	502	PASS
Pf3D7_14_v3	298536	G	499	PASS
Pf3D7_14_v3	298537	C	505	PASS
Pf3D7_14_v3	298538	A	542	PASS
Pf3D7_14_v3	298539	A	509	PASS
Pf3D7_14_v3	298540	G	529	PASS
Pf3D7_14_v3	298541	T	495	PASS
Pf3D7_14_v3	298542	G	530	PASS
Pf3D7_14_v3	438592	A	759	PASS
Pf3D7_14_v3	1956225	A	168	PASS
Pf3D7_14_v3	2355751	T	427	PASS
Pf3D7_14_v3	2625887	G	111	PASS
Pf3D7_14_v3	3046108	T	791	PASS
Pf3D7_01_v3	145515	T	1132	PASS
Pf3D7_01_v3	180554	A	236	PASS
Pf3D7_01_v3	535211	T	553	PASS
Pf3D7_02_v3	470013	G	421	PASS
Pf3D7_02_v3	714480	C	886	PASS
Pf3D7_03_v3	155697	A	185	PASS
Pf3D7_03_v3	656861	G	12	PASS
Pf3D7_04_v3	139051	G	481	PASS
Pf3D7_04_v3	426436	A	1091	PASS
Pf3D7_04_v3	531138	T	1093	PASS
Pf3D7_04_v3	748134	C	974	PASS
Pf3D7_04_v3	748239	A	975	PASS
Pf3D7_04_v3	748262	C	873	PASS
Pf3D7_04_v3	748263	G	944	PASS
Pf3D7_04_v3	749004	C	1005	PASS
Pf3D7_04_v3	881571	A	2445	PASS
Pf3D7_04_v3	1037656	A	159	PASS
Pf3D7_05_v3	172801	A	185	PASS
Pf3D7_05_v3	369740	C	309	PASS
Pf3D7_05_v3	958145	A	345	PASS
Pf3D7_05_v3	958146	A	352	PASS
Pf3D7_05_v3	1204155	C	418	PASS
Pf3D7_06_v3	900278	A	797	PASS
Pf3D7_06_v3	1289212	G	958	PASS
Pf3D7_07_v3	403612	A	726	PASS
Pf3D7_07_v3	403613	G	726	PASS
Pf3D7_07_v3	403620	T	701	PASS
Pf3D7_07_v3	403621	A,G	706	PASS
Pf3D7_07_v3	403623	T,A	704	PASS
Pf3D7_07_v3	403625	C	701	PASS
Pf3D7_07_v3	404407	T	809	PASS
Pf3D7_07_v3	405361	A	979	PASS
Pf3D7_07_v3	405362	A	943	PASS
Pf3D7_07_v3	405838	T	817	PASS
Pf3D7_07_v3	619957	C	215	PASS
Pf3D7_07_v3	704373	G	1271	PASS
Pf3D7_07_v3	1066698	A	371	PASS
Pf3D7_07_v3	1256331	C	442	PASS
Pf3D7_07_v3	1358910	A	153	PASS
Pf3D7_08_v3	150033	T	215	PASS
Pf3D7_08_v3	399774	C	1139	PASS
Pf3D7_08_v3	417335	C	590	PASS
Pf3D7_08_v3	549681	T,G	663	PASS
Pf3D7_08_v3	549682	C	664	PASS
Pf3D7_08_v3	549685	C	661	PASS
Pf3D7_08_v3	549993	A	497	PASS
Pf3D7_08_v3	549995	A	496	PASS
Pf3D7_08_v3	1056829	C	471	PASS
Pf3D7_08_v3	1314831	G	231	PASS
Pf3D7_09_v3	452690	G	410	PASS
Pf3D7_09_v3	900277	A	430	PASS
Pf3D7_10_v3	1383789	A	477	PASS
Pf3D7_10_v3	1386850	C	557	PASS
Pf3D7_11_v3	477922	T	286	PASS
Pf3D7_11_v3	1006911	T	800	PASS
Pf3D7_11_v3	1020397	C	434	PASS
Pf3D7_11_v3	1295068	A	203	PASS
Pf3D7_11_v3	1815412	C	2172	PASS
Pf3D7_11_v3	1935031	T	111	PASS
Pf3D7_12_v3	858501	C	467	PASS
Pf3D7_12_v3	974576	G	71	PASS
Pf3D7_12_v3	974577	A	70	PASS
Pf3D7_12_v3	974578	G	71	PASS
Pf3D7_12_v3	974579	A	74	PASS
Pf3D7_12_v3	974580	A	74	PASS
Pf3D7_12_v3	974581	G	75	PASS
Pf3D7_12_v3	974582	G	75	PASS
Pf3D7_12_v3	974583	A	75	PASS
Pf3D7_12_v3	974584	A	75	PASS
Pf3D7_12_v3	974585	G	75	PASS
Pf3D7_12_v3	974586	A	72	PASS
Pf3D7_12_v3	974587	C	74	PASS
Pf3D7_12_v3	974588	C	75	PASS
Pf3D7_12_v3	974589	T	75	PASS
Pf3D7_12_v3	974590	T	75	PASS
Pf3D7_12_v3	974591	G	75	PASS
Pf3D7_12_v3	974592	T	74	PASS
Pf3D7_12_v3	974593	T	75	PASS
Pf3D7_12_v3	974594	G	75	PASS
Pf3D7_12_v3	974595	T	73	PASS
Pf3D7_12_v3	974596	G	75	PASS
Pf3D7_12_v3	974597	A	74	PASS
Pf3D7_12_v3	974598	T	75	PASS
Pf3D7_12_v3	974599	A	75	PASS
Pf3D7_12_v3	974600	G	75	PASS
Pf3D7_12_v3	974601	A	75	PASS
Pf3D7_12_v3	974602	T	74	PASS
Pf3D7_12_v3	974603	G	75	PASS
Pf3D7_12_v3	974604	A	75	PASS
Pf3D7_12_v3	974605	A	75	PASS
Pf3D7_12_v3	974606	A	75	PASS
Pf3D7_12_v3	974607	A	74	PASS
Pf3D7_12_v3	974608	G	74	PASS
Pf3D7_12_v3	974609	G	75	PASS
Pf3D7_12_v3	974610	A	74	PASS
Pf3D7_12_v3	974611	T	75	PASS
Pf3D7_12_v3	974612	A	75	PASS
Pf3D7_12_v3	974613	A	75	PASS
Pf3D7_12_v3	974614	T	75	PASS
Pf3D7_12_v3	974615	A	75	PASS
Pf3D7_12_v3	974616	A	75	PASS
Pf3D7_12_v3	974617	T	75	PASS
Pf3D7_12_v3	974618	A	75	PASS
Pf3D7_12_v3	974619	A	75	PASS
Pf3D7_12_v3	974620	A	74	PASS
Pf3D7_12_v3	974621	A	74	PASS
Pf3D7_12_v3	974622	A	73	PASS
Pf3D7_12_v3	974623	G	71	PASS
Pf3D7_12_v3	974624	A	53	PASS
Pf3D7_12_v3	974625	A	54	PASS
Pf3D7_12_v3	974626	A	54	PASS
Pf3D7_12_v3	974627	A	55	PASS
Pf3D7_12_v3	974628	A	75	PASS
Pf3D7_12_v3	974629	A	75	PASS
Pf3D7_12_v3	974630	A	75	PASS
Pf3D7_12_v3	974631	A	75	PASS
Pf3D7_12_v3	974632	A	75	PASS
Pf3D7_12_v3	974633	A	75	PASS
Pf3D7_12_v3	974634	A	75	PASS
Pf3D7_12_v3	974635	T	75	PASS
Pf3D7_12_v3	974636	A	75	PASS
Pf3D7_12_v3	974637	T	75	PASS
Pf3D7_12_v3	974638	G	75	PASS
Pf3D7_12_v3	974639	A	75	PASS
Pf3D7_12_v3	974640	C	75	PASS
Pf3D7_12_v3	974641	A	74	PASS
Pf3D7_12_v3	974642	A	75	PASS
Pf3D7_12_v3	974643	A	75	PASS
Pf3D7_12_v3	974644	T	75	PASS
Pf3D7_12_v3	974645	A	75	PASS
Pf3D7_12_v3	974646	C	75	PASS
Pf3D7_12_v3	974647	A	75	PASS
Pf3D7_12_v3	974648	T	75	PASS
Pf3D7_12_v3	974649	T	74	PASS
Pf3D7_12_v3	974650	T	75	PASS
Pf3D7_12_v3	974651	G	75	PASS
Pf3D7_12_v3	974652	A	75	PASS
Pf3D7_12_v3	974653	A	75	PASS
Pf3D7_12_v3	974654	C	75	PASS
Pf3D7_12_v3	974655	A	75	PASS
Pf3D7_12_v3	974656	A	74	PASS
Pf3D7_12_v3	974657	G	75	PASS
Pf3D7_12_v3	974658	A	75	PASS
Pf3D7_12_v3	974659	T	75	PASS
Pf3D7_12_v3	974660	A	75	PASS
Pf3D7_12_v3	974661	A	74	PASS
Pf3D7_12_v3	974662	T	75	PASS
Pf3D7_12_v3	974663	A	75	PASS
Pf3D7_12_v3	974664	A	75	PASS
Pf3D7_12_v3	974665	T	75	PASS
Pf3D7_12_v3	974666	T	74	PASS
Pf3D7_12_v3	974667	A	74	PASS
Pf3D7_12_v3	974668	T	75	PASS
Pf3D7_12_v3	974669	A	75	PASS
Pf3D7_12_v3	974670	A	75	PASS
Pf3D7_12_v3	974671	T	75	PASS
Pf3D7_12_v3	974672	A	75	PASS
Pf3D7_12_v3	974673	T	75	PASS
Pf3D7_12_v3	974674	G	75	PASS
Pf3D7_12_v3	974675	A	75	PASS
Pf3D7_12_v3	974676	A	75	PASS
Pf3D7_12_v3	974677	T	75	PASS
Pf3D7_12_v3	974678	G	75	PASS
Pf3D7_12_v3	974679	A	75	PASS
Pf3D7_12_v3	974680	T	75	PASS
Pf3D7_12_v3	974681	A	75	PASS
Pf3D7_12_v3	974682	A	75	PASS
Pf3D7_12_v3	974683	T	75	PASS
Pf3D7_12_v3	974684	A	75	PASS
Pf3D7_12_v3	974685	A	75	PASS
Pf3D7_12_v3	974686	A	75	PASS
Pf3D7_12_v3	974687	A	73	PASS
Pf3D7_12_v3	974688	G	75	PASS
Pf3D7_12_v3	974689	G	75	PASS
Pf3D7_12_v3	974690	T	75	PASS
Pf3D7_12_v3	974691	T	75	PASS
Pf3D7_12_v3	974692	A	75	PASS
Pf3D7_12_v3	974693	G	75	PASS
Pf3D7_12_v3	974694	G	71	PASS
Pf3D7_12_v3	974695	T	75	PASS
Pf3D7_12_v3	974696	A	75	PASS
Pf3D7_12_v3	974697	G	75	PASS
Pf3D7_12_v3	974698	C	75	PASS
Pf3D7_12_v3	974699	T	74	PASS
Pf3D7_12_v3	974700	T	74	PASS
Pf3D7_12_v3	974701	T	74	PASS
Pf3D7_12_v3	974702	T	74	PASS
Pf3D7_12_v3	974703	T	74	PASS
Pf3D7_12_v3	974704	T	74	PASS
Pf3D7_12_v3	974705	A	75	PASS
Pf3D7_12_v3	974706	A	75	PASS
Pf3D7_12_v3	974707	A	75	PASS
Pf3D7_12_v3	974708	A	75	PASS
Pf3D7_12_v3	974709	T	75	PASS
Pf3D7_12_v3	974710	A	75	PASS
Pf3D7_12_v3	974711	A	75	PASS
Pf3D7_12_v3	974712	A	75	PASS
Pf3D7_12_v3	974713	T	75	PASS
Pf3D7_12_v3	974714	G	75	PASS
Pf3D7_12_v3	974715	A	74	PASS
Pf3D7_12_v3	974716	T	74	PASS
Pf3D7_12_v3	974717	A	75	PASS
Pf3D7_12_v3	974718	A	75	PASS
Pf3D7_12_v3	974719	A	75	PASS
Pf3D7_12_v3	974720	T	75	PASS
Pf3D7_12_v3	974721	G	75	PASS
Pf3D7_12_v3	974722	T	74	PASS
Pf3D7_12_v3	974723	G	74	PASS
Pf3D7_12_v3	974724	A	75	PASS
Pf3D7_12_v3	974725	A	75	PASS
Pf3D7_12_v3	974726	T	75	PASS
Pf3D7_12_v3	974727	C	70	PASS
Pf3D7_12_v3	974728	T	72	PASS
Pf3D7_12_v3	974729	A	70	PASS
Pf3D7_12_v3	974730	T	74	PASS
Pf3D7_12_v3	974731	T	70	PASS
Pf3D7_12_v3	974732	A	75	PASS
Pf3D7_12_v3	974733	A	71	PASS
Pf3D7_12_v3	974734	T	70	PASS
Pf3D7_12_v3	974735	G	73	PASS
Pf3D7_12_v3	974736	A	73	PASS
Pf3D7_12_v3	974737	G	70	PASS
Pf3D7_12_v3	974738	A	73	PASS
Pf3D7_12_v3	974739	A	70	PASS
Pf3D7_12_v3	974740	T	73	PASS
Pf3D7_12_v3	974741	G	70	PASS
Pf3D7_12_v3	974742	T	72	PASS
Pf3D7_12_v3	974743	T	70	PASS
Pf3D7_12_v3	974744	A	75	PASS
Pf3D7_12_v3	974745	A	69	PASS
Pf3D7_12_v3	974746	T	69	PASS
Pf3D7_12_v3	974747	A	75	PASS
Pf3D7_12_v3	974748	A	71	PASS
Pf3D7_12_v3	974749	T	70	PASS
Pf3D7_12_v3	974750	A	71	PASS
Pf3D7_12_v3	974751	T	75	PASS
Pf3D7_12_v3	974752	T	70	PASS
Pf3D7_12_v3	974753	A	74	PASS
Pf3D7_12_v3	974754	A	73	PASS
Pf3D7_12_v3	974755	T	70	PASS
Pf3D7_12_v3	974756	A	75	PASS
Pf3D7_12_v3	974757	A	75	PASS
Pf3D7_12_v3	974758	A	72	PASS
Pf3D7_12_v3	974759	C	70	PASS
Pf3D7_12_v3	974760	A	72	PASS
Pf3D7_12_v3	974761	G	71	PASS
Pf3D7_12_v3	974762	T	69	PASS
Pf3D7_12_v3	974763	C	72	PASS
Pf3D7_12_v3	974764	T	72	PASS
Pf3D7_12_v3	974765	C	70	PASS
Pf3D7_12_v3	974766	T	74	PASS
Pf3D7_12_v3	974767	T	72	PASS
Pf3D7_12_v3	974768	A	73	PASS
Pf3D7_12_v3	974769	A	70	PASS
Pf3D7_12_v3	974770	G	74	PASS
Pf3D7_12_v3	974771	G	71	PASS
Pf3D7_12_v3	974772	A	69	PASS
Pf3D7_12_v3	974773	T	73	PASS
Pf3D7_12_v3	974774	T	72	PASS
Pf3D7_12_v3	974775	C	72	PASS
Pf3D7_12_v3	974776	T	70	PASS
Pf3D7_12_v3	974777	A	66	PASS
Pf3D7_12_v3	1667593	C	105	PASS
Pf3D7_12_v3	2171901	T	555	PASS
Pf3D7_13_v3	388365	A	735	PASS
Pf3D7_13_v3	1056452	C	450	PASS
Pf3D7_13_v3	1419519	T	1127	PASS
Pf3D7_13_v3	1724937	T	265	PASS
Pf3D7_13_v3	1724938	C	265	PASS
Pf3D7_13_v3	1724939	C	264	PASS
Pf3D7_13_v3	1724940	T	267	PASS
Pf3D7_13_v3	1724941	C	268	PASS
Pf3D7_13_v3	1724942	C	266	PASS
Pf3D7_13_v3	1724943	T	267	PASS
Pf3D7_13_v3	1724944	G	268	PASS
Pf3D7_13_v3	1724945	T	266	PASS
Pf3D7_13_v3	1724946	A	268	PASS
Pf3D7_13_v3	1724947	A	265	PASS
Pf3D7_13_v3	1724948	T	269	PASS
Pf3D7_13_v3	1724949	T	270	PASS
Pf3D7_13_v3	1724950	A	269	PASS
Pf3D7_13_v3	1724951	T	266	PASS
Pf3D7_13_v3	1724952	A	269	PASS
Pf3D7_13_v3	1724953	T	266	PASS
Pf3D7_13_v3	1724954	A	269	PASS
Pf3D7_13_v3	1724955	A	267	PASS
Pf3D7_13_v3	1724956	G	266	PASS
Pf3D7_13_v3	1724957	A	266	PASS
Pf3D7_13_v3	1724958	A	268	PASS
Pf3D7_13_v3	1724959	T	270	PASS
Pf3D7_13_v3	1724960	C	269	PASS
Pf3D7_13_v3	1724961	T	269	PASS
Pf3D7_13_v3	1724962	G	268	PASS
Pf3D7_13_v3	1724963	A	267	PASS
Pf3D7_13_v3	1724964	C	268	PASS
Pf3D7_13_v3	1724965	A	265	PASS
Pf3D7_13_v3	1724966	A	269	PASS
Pf3D7_13_v3	1724967	T	268	PASS
Pf3D7_13_v3	1724968	G	269	PASS
Pf3D7_13_v3	1724969	T	266	PASS
Pf3D7_13_v3	1724970	G	265	PASS
Pf3D7_13_v3	1724971	G	254	PASS
Pf3D7_13_v3	1724972	C	266	PASS
Pf3D7_13_v3	1724973	A	261	PASS
Pf3D7_13_v3	1724974	G	266	PASS
Pf3D7_13_v3	1724975	C	264	PASS
Pf3D7_13_v3	1724976	T	268	PASS
Pf3D7_13_v3	1724977	C	268	PASS
Pf3D7_13_v3	1724978	C	268	PASS
Pf3D7_13_v3	1724979	A	268	PASS
Pf3D7_13_v3	1724980	A	266	PASS
Pf3D7_13_v3	1724981	A	267	PASS
Pf3D7_13_v3	1724982	A	267	PASS
Pf3D7_13_v3	1724983	T	268	PASS
Pf3D7_13_v3	1724984	T	269	PASS
Pf3D7_13_v3	1724985	C	269	PASS
Pf3D7_13_v3	1724986	A	270	PASS
Pf3D7_13_v3	1724987	T	266	PASS
Pf3D7_13_v3	1724988	T	266	PASS
Pf3D7_13_v3	1724989	T	265	PASS
Pf3D7_13_v3	1724990	T	265	PASS
Pf3D7_13_v3	1724991	T	266	PASS
Pf3D7_13_v3	1724992	T	266	PASS
Pf3D7_13_v3	1724993	T	265	PASS
Pf3D7_13_v3	1724994	C	268	PASS
Pf3D7_13_v3	1724995	T	269	PASS
Pf3D7_13_v3	1724996	C	270	PASS
Pf3D7_13_v3	1724997	T	266	PASS
Pf3D7_13_v3	1724998	G	264	PASS
Pf3D7_13_v3	1724999	G	264	PASS
Pf3D7_13_v3	1725000	T	264	PASS
Pf3D7_13_v3	1725001	A	267	PASS
Pf3D7_13_v3	1725002	C	267	PASS
Pf3D7_13_v3	1725003	A	267	PASS
Pf3D7_13_v3	1725004	C	264	PASS
Pf3D7_13_v3	1725005	C	268	PASS
Pf3D7_13_v3	1725006	A	269	PASS
Pf3D7_13_v3	1725007	T	266	PASS
Pf3D7_13_v3	1725008	T	267	PASS
Pf3D7_13_v3	1725009	T	268	PASS
Pf3D7_13_v3	1725010	A	270	PASS
Pf3D7_13_v3	1725011	G	270	PASS
Pf3D7_13_v3	1725012	A	270	PASS
Pf3D7_13_v3	1725013	A	270	PASS
Pf3D7_13_v3	1725014	A	270	PASS
Pf3D7_13_v3	1725015	T	270	PASS
Pf3D7_13_v3	1725016	T	270	PASS
Pf3D7_13_v3	1725017	G	269	PASS
Pf3D7_13_v3	1725018	C	269	PASS
Pf3D7_13_v3	1725019	C	269	PASS
Pf3D7_13_v3	1725020	A	267	PASS
Pf3D7_13_v3	1725021	T	268	PASS
Pf3D7_13_v3	1725022	C	269	PASS
Pf3D7_13_v3	1725023	T	270	PASS
Pf3D7_13_v3	1725024	T	269	PASS
Pf3D7_13_v3	1725025	T	270	PASS
Pf3D7_13_v3	1725026	T	270	PASS
Pf3D7_13_v3	1725027	A	270	PASS
Pf3D7_13_v3	1725028	T	270	PASS
Pf3D7_13_v3	1725029	T	270	PASS
Pf3D7_13_v3	1725030	A	268	PASS
Pf3D7_13_v3	1725031	A	270	PASS
Pf3D7_13_v3	1725032	A	269	PASS
Pf3D7_13_v3	1725033	T	270	PASS
Pf3D7_13_v3	1725034	G	269	PASS
Pf3D7_13_v3	1725035	G	269	PASS
Pf3D7_13_v3	1725036	T	269	PASS
Pf3D7_13_v3	1725037	T	270	PASS
Pf3D7_13_v3	1725038	G	270	PASS
Pf3D7_13_v3	1725039	A	269	PASS
Pf3D7_13_v3	1725040	T	270	PASS
Pf3D7_13_v3	1725041	A	270	PASS
Pf3D7_13_v3	1725042	T	268	PASS
Pf3D7_13_v3	1725043	T	268	PASS
Pf3D7_13_v3	1725044	G	269	PASS
Pf3D7_13_v3	1725045	T	267	PASS
Pf3D7_13_v3	1725046	T	269	PASS
Pf3D7_13_v3	1725047	C	269	PASS
Pf3D7_13_v3	1725048	A	268	PASS
Pf3D7_13_v3	1725049	A	270	PASS
Pf3D7_13_v3	1725050	C	270	PASS
Pf3D7_13_v3	1725051	G	270	PASS
Pf3D7_13_v3	1725052	G	269	PASS
Pf3D7_13_v3	1725053	A	268	PASS
Pf3D7_13_v3	1725054	A	270	PASS
Pf3D7_13_v3	1725055	T	269	PASS
Pf3D7_13_v3	1725056	C	270	PASS
Pf3D7_13_v3	1725057	T	270	PASS
Pf3D7_13_v3	1725058	A	270	PASS
Pf3D7_13_v3	1725059	A	267	PASS
Pf3D7_13_v3	1725060	T	270	PASS
Pf3D7_13_v3	1725061	A	269	PASS
Pf3D7_13_v3	1725062	T	262	PASS
Pf3D7_13_v3	1725063	G	258	PASS
Pf3D7_13_v3	1725064	T	267	PASS
Pf3D7_13_v3	1725065	T	266	PASS
Pf3D7_13_v3	1725066	A	263	PASS
Pf3D7_13_v3	1725067	T	264	PASS
Pf3D7_13_v3	1725068	G	261	PASS
Pf3D7_13_v3	1725069	T	265	PASS
Pf3D7_13_v3	1725070	T	259	PASS
Pf3D7_13_v3	1725071	C	263	PASS
Pf3D7_13_v3	1725072	A	258	PASS
Pf3D7_13_v3	1725073	T	264	PASS
Pf3D7_13_v3	1725074	T	264	PASS
Pf3D7_13_v3	1725075	A	262	PASS
Pf3D7_13_v3	1725076	T	259	PASS
Pf3D7_13_v3	1725077	C	261	PASS
Pf3D7_13_v3	1725078	A	265	PASS
Pf3D7_13_v3	1725079	A	259	PASS
Pf3D7_13_v3	1725080	T	262	PASS
Pf3D7_13_v3	1725081	A	244	PASS
Pf3D7_13_v3	1725082	C	250	PASS
Pf3D7_13_v3	1725083	C	253	PASS
Pf3D7_13_v3	1725084	T	254	PASS
Pf3D7_13_v3	1725085	C	249	PASS
Pf3D7_13_v3	1725086	C	252	PASS
Pf3D7_13_v3	1725087	A	266	PASS
Pf3D7_13_v3	1725088	A	261	PASS
Pf3D7_13_v3	1725089	C	260	PASS
Pf3D7_13_v3	1725090	A	264	PASS
Pf3D7_13_v3	1725091	A	259	PASS
Pf3D7_13_v3	1725092	C	253	PASS
Pf3D7_13_v3	1725093	A	264	PASS
Pf3D7_13_v3	1725094	T	259	PASS
Pf3D7_13_v3	1725095	A	263	PASS
Pf3D7_13_v3	1725096	T	263	PASS
Pf3D7_13_v3	1725097	A	255	PASS
Pf3D7_13_v3	1725098	T	264	PASS
Pf3D7_13_v3	1725099	T	268	PASS
Pf3D7_13_v3	1725100	T	264	PASS
Pf3D7_13_v3	1725101	G	260	PASS
Pf3D7_13_v3	1725102	A	260	PASS
Pf3D7_13_v3	1725103	T	266	PASS
Pf3D7_13_v3	1725104	T	254	PASS
Pf3D7_13_v3	1725105	A	269	PASS
Pf3D7_13_v3	1725106	A	257	PASS
Pf3D7_13_v3	1725107	G	265	PASS
Pf3D7_13_v3	1725108	G	257	PASS
Pf3D7_13_v3	1725109	T	262	PASS
Pf3D7_13_v3	1725110	A	266	PASS
Pf3D7_13_v3	1725111	A	261	PASS
Pf3D7_13_v3	1725112	T	267	PASS
Pf3D7_13_v3	1725113	T	258	PASS
Pf3D7_13_v3	1725290	G	640	PASS
Pf3D7_13_v3	1725291	T	622	PASS
Pf3D7_13_v3	1725292	G	636	PASS
Pf3D7_13_v3	1725293	C	641	PASS
Pf3D7_13_v3	1725294	C	642	PASS
Pf3D7_13_v3	1725295	A	647	PASS
Pf3D7_13_v3	1725296	C	642	PASS
Pf3D7_13_v3	1725297	C	647	PASS
Pf3D7_13_v3	1725298	T	647	PASS
Pf3D7_13_v3	1725299	C	649	PASS
Pf3D7_13_v3	1725300	T	641	PASS
Pf3D7_13_v3	1725301	A	648	PASS
Pf3D7_13_v3	1725302	C	647	PASS
Pf3D7_13_v3	1725303	C	647	PASS
Pf3D7_13_v3	1725304	C	649	PASS
Pf3D7_13_v3	1725305	A	649	PASS
Pf3D7_13_v3	1725306	T	641	PASS
Pf3D7_13_v3	1725307	G	648	PASS
Pf3D7_13_v3	1725308	C	647	PASS
Pf3D7_13_v3	1725309	T	648	PASS
Pf3D7_13_v3	1725310	T	649	PASS
Pf3D7_13_v3	1725311	T	649	PASS
Pf3D7_13_v3	1725312	C	650	PASS
Pf3D7_13_v3	1725313	A	650	PASS
Pf3D7_13_v3	1725314	T	650	PASS
Pf3D7_13_v3	1725315	A	650	PASS
Pf3D7_13_v3	1725316	C	649	PASS
Pf3D7_13_v3	1725317	G	647	PASS
Pf3D7_13_v3	1725318	A	650	PASS
Pf3D7_13_v3	1725319	T	643	PASS
Pf3D7_13_v3	1725320	G	648	PASS
Pf3D7_13_v3	1725321	A	644	PASS
Pf3D7_13_v3	1725322	T	641	PASS
Pf3D7_13_v3	1725323	C	648	PASS
Pf3D7_13_v3	1725324	A	648	PASS
Pf3D7_13_v3	1725325	T	651	PASS
Pf3D7_13_v3	1725326	A	653	PASS
Pf3D7_13_v3	1725327	T	652	PASS
Pf3D7_13_v3	1725328	G	654	PASS
Pf3D7_13_v3	1725329	C	652	PASS
Pf3D7_13_v3	1725330	T	654	PASS
Pf3D7_13_v3	1725331	T	652	PASS
Pf3D7_13_v3	1725332	C	653	PASS
Pf3D7_13_v3	1725333	T	652	PASS
Pf3D7_13_v3	1725334	A	653	PASS
Pf3D7_13_v3	1725335	C	654	PASS
Pf3D7_13_v3	1725336	A	652	PASS
Pf3D7_13_v3	1725337	T	650	PASS
Pf3D7_13_v3	1725338	T	653	PASS
Pf3D7_13_v3	1725339	C	653	PASS
Pf3D7_13_v3	1725340	G	654	PASS
Pf3D7_13_v3	1725341	G	654	PASS
Pf3D7_13_v3	1725342	T	653	PASS
Pf3D7_13_v3	1725343	A	654	PASS
Pf3D7_13_v3	1725344	T	653	PASS
Pf3D7_13_v3	1725345	A	654	PASS
Pf3D7_13_v3	1725346	A	652	PASS
Pf3D7_13_v3	1725347	T	653	PASS
Pf3D7_13_v3	1725348	A	650	PASS
Pf3D7_13_v3	1725349	G	653	PASS
Pf3D7_13_v3	1725350	A	653	PASS
Pf3D7_13_v3	1725351	A	650	PASS
Pf3D7_13_v3	1725352	G	654	PASS
Pf3D7_13_v3	1725353	A	645	PASS
Pf3D7_13_v3	1725354	G	654	PASS
Pf3D7_13_v3	1725355	C	652	PASS
Pf3D7_13_v3	1725356	C	651	PASS
Pf3D7_13_v3	1725357	A	651	PASS
Pf3D7_13_v3	1725358	T	652	PASS
Pf3D7_13_v3	1725359	C	653	PASS
Pf3D7_13_v3	1725360	A	652	PASS
Pf3D7_13_v3	1725361	T	652	PASS
Pf3D7_13_v3	1725362	A	653	PASS
Pf3D7_13_v3	1725363	T	653	PASS
Pf3D7_13_v3	1725364	C	645	PASS
Pf3D7_13_v3	1725365	C	645	PASS
Pf3D7_13_v3	1725366	C	645	PASS
Pf3D7_13_v3	1725367	C	645	PASS
Pf3D7_13_v3	1725368	C	645	PASS
Pf3D7_13_v3	1725369	A	648	PASS
Pf3D7_13_v3	1725370	A	648	PASS
Pf3D7_13_v3	1725371	T	652	PASS
Pf3D7_13_v3	1725372	A	652	PASS
Pf3D7_13_v3	1725373	C	653	PASS
Pf3D7_13_v3	1725374	A	653	PASS
Pf3D7_13_v3	1725375	A	653	PASS
Pf3D7_13_v3	1725376	T	653	PASS
Pf3D7_13_v3	1725377	A	654	PASS
Pf3D7_13_v3	1725378	A	652	PASS
Pf3D7_13_v3	1725379	A	652	PASS
Pf3D7_13_v3	1725380	T	653	PASS
Pf3D7_13_v3	1725381	T	650	PASS
Pf3D7_13_v3	1725382	C	654	PASS
Pf3D7_13_v3	1725383	T	652	PASS
Pf3D7_13_v3	1725384	A	652	PASS
Pf3D7_13_v3	1725385	C	653	PASS
Pf3D7_13_v3	1725386	C	654	PASS
Pf3D7_13_v3	1725387	A	653	PASS
Pf3D7_13_v3	1725388	T	653	PASS
Pf3D7_13_v3	1725389	T	652	PASS
Pf3D7_13_v3	1725390	T	654	PASS
Pf3D7_13_v3	1725391	G	652	PASS
Pf3D7_13_v3	1725392	A	649	PASS
Pf3D7_13_v3	1725393	C	654	PASS
Pf3D7_13_v3	1725394	G	654	PASS
Pf3D7_13_v3	1725395	T	652	PASS
Pf3D7_13_v3	1725396	A	651	PASS
Pf3D7_13_v3	1725397	A	649	PASS
Pf3D7_13_v3	1725398	C	652	PASS
Pf3D7_13_v3	1725399	A	654	PASS
Pf3D7_13_v3	1725400	C	654	PASS
Pf3D7_13_v3	1725401	C	654	PASS
Pf3D7_13_v3	1725402	A	654	PASS
Pf3D7_13_v3	1725403	C	654	PASS
Pf3D7_13_v3	1725404	A	652	PASS
Pf3D7_13_v3	1725405	A	651	PASS
Pf3D7_13_v3	1725406	T	653	PASS
Pf3D7_13_v3	1725407	T	654	PASS
Pf3D7_13_v3	1725408	A	654	PASS
Pf3D7_13_v3	1725409	T	657	PASS
Pf3D7_13_v3	1725410	T	653	PASS
Pf3D7_13_v3	1725411	T	589	PASS
Pf3D7_13_v3	1725412	C	592	PASS
Pf3D7_13_v3	1725413	T	632	PASS
Pf3D7_13_v3	1725414	T	583	PASS
Pf3D7_13_v3	1725415	C	594	PASS
Pf3D7_13_v3	1725416	T	588	PASS
Pf3D7_13_v3	1725417	A	588	PASS
Pf3D7_13_v3	1725418	G	623	PASS
Pf3D7_13_v3	1725419	G	584	PASS
Pf3D7_13_v3	1725420	T	590	PASS
Pf3D7_13_v3	1725421	A	589	PASS
Pf3D7_13_v3	1725422	T	608	PASS
Pf3D7_13_v3	1725423	A	589	PASS
Pf3D7_13_v3	1725424	T	626	PASS
Pf3D7_13_v3	1725425	T	609	PASS
Pf3D7_13_v3	1725426	T	586	PASS
Pf3D7_13_v3	1725427	A	629	PASS
Pf3D7_13_v3	1725428	A	622	PASS
Pf3D7_13_v3	1725429	A	587	PASS
Pf3D7_13_v3	1725430	T	624	PASS
Pf3D7_13_v3	1725431	T	613	PASS
Pf3D7_13_v3	1725432	A	584	PASS
Pf3D7_13_v3	1725433	C	584	PASS
Pf3D7_13_v3	1725434	T	613	PASS
Pf3D7_13_v3	1725435	T	584	PASS
Pf3D7_13_v3	1725436	G	584	PASS
Pf3D7_13_v3	1725437	A	616	PASS
Pf3D7_13_v3	1725438	A	615	PASS
Pf3D7_13_v3	1725439	A	595	PASS
Pf3D7_13_v3	1725440	C	587	PASS
Pf3D7_13_v3	1725441	A	588	PASS
Pf3D7_13_v3	1725442	T	585	PASS
Pf3D7_13_v3	1725443	A	577	PASS
Pf3D7_13_v3	1725444	C	557	PASS
Pf3D7_13_v3	1725445	C	587	PASS
Pf3D7_13_v3	1725446	A	584	PASS
Pf3D7_13_v3	1725447	T	587	PASS
Pf3D7_13_v3	1725448	A	588	PASS
Pf3D7_13_v3	1725449	C	595	PASS
Pf3D7_13_v3	1725450	A	583	PASS
Pf3D7_13_v3	1725451	T	579	PASS
Pf3D7_13_v3	1725612	T	258	PASS
Pf3D7_13_v3	1725613	A	259	PASS
Pf3D7_13_v3	1725614	A	259	PASS
Pf3D7_13_v3	1725615	T	258	PASS
Pf3D7_13_v3	1725616	T	257	PASS
Pf3D7_13_v3	1725617	C	260	PASS
Pf3D7_13_v3	1725618	C	259	PASS
Pf3D7_13_v3	1725619	A	257	PASS
Pf3D7_13_v3	1725620	T	259	PASS
Pf3D7_13_v3	1725621	C	259	PASS
Pf3D7_13_v3	1725622	G	260	PASS
Pf3D7_13_v3	1725623	A	258	PASS
Pf3D7_13_v3	1725624	A	258	PASS
Pf3D7_13_v3	1725625	T	258	PASS
Pf3D7_13_v3	1725626	T	260	PASS
Pf3D7_13_v3	1725627	T	259	PASS
Pf3D7_13_v3	1725628	A	260	PASS
Pf3D7_13_v3	1725629	A	258	PASS
Pf3D7_13_v3	1725630	A	259	PASS
Pf3D7_13_v3	1725631	T	260	PASS
Pf3D7_13_v3	1725632	A	259	PASS
Pf3D7_13_v3	1725633	T	260	PASS
Pf3D7_13_v3	1725634	T	260	PASS
Pf3D7_13_v3	1725635	C	259	PASS
Pf3D7_13_v3	1725636	T	258	PASS
Pf3D7_13_v3	1725637	A	260	PASS
Pf3D7_13_v3	1725638	C	259	PASS
Pf3D7_13_v3	1725639	A	260	PASS
Pf3D7_13_v3	1725640	C	260	PASS
Pf3D7_13_v3	1725641	C	259	PASS
Pf3D7_13_v3	1725642	A	257	PASS
Pf3D7_13_v3	1725643	T	259	PASS
Pf3D7_13_v3	1725644	C	259	PASS
Pf3D7_13_v3	1725645	A	258	PASS
Pf3D7_13_v3	1725646	A	260	PASS
Pf3D7_13_v3	1725647	A	257	PASS
Pf3D7_13_v3	1725648	T	260	PASS
Pf3D7_13_v3	1725649	C	259	PASS
Pf3D7_13_v3	1725650	C	260	PASS
Pf3D7_13_v3	1725651	A	260	PASS
Pf3D7_13_v3	1725652	C	258	PASS
Pf3D7_13_v3	1725653	C	259	PASS
Pf3D7_13_v3	1725654	T	260	PASS
Pf3D7_13_v3	1725655	A	258	PASS
Pf3D7_13_v3	1725656	T	260	PASS
Pf3D7_13_v3	1725657	A	259	PASS
Pf3D7_13_v3	1725658	C	258	PASS
Pf3D7_13_v3	1725659	A	258	PASS
Pf3D7_13_v3	1725660	A	255	PASS
Pf3D7_13_v3	1725661	A	256	PASS
Pf3D7_13_v3	1725662	A	258	PASS
Pf3D7_13_v3	1725663	T	256	PASS
Pf3D7_13_v3	1725664	A	259	PASS
Pf3D7_13_v3	1725665	C	260	PASS
Pf3D7_13_v3	1725666	T	258	PASS
Pf3D7_13_v3	1725667	A	260	PASS
Pf3D7_13_v3	1725668	A	259	PASS
Pf3D7_13_v3	1725669	T	259	PASS
Pf3D7_13_v3	1725670	G	259	PASS
Pf3D7_13_v3	1725671	G	257	PASS
Pf3D7_13_v3	1725672	G	260	PASS
Pf3D7_13_v3	1725673	A	259	PASS
Pf3D7_13_v3	1725674	A	260	PASS
Pf3D7_13_v3	1725675	T	260	PASS
Pf3D7_13_v3	1725676	G	260	PASS
Pf3D7_13_v3	1725677	G	259	PASS
Pf3D7_13_v3	1725678	T	260	PASS
Pf3D7_13_v3	1725679	A	260	PASS
Pf3D7_13_v3	1725680	A	259	PASS
Pf3D7_13_v3	1725681	A	258	PASS
Pf3D7_13_v3	1725682	A	260	PASS
Pf3D7_13_v3	1725683	A	259	PASS
Pf3D7_13_v3	1725684	T	260	PASS
Pf3D7_13_v3	1725685	T	259	PASS
Pf3D7_13_v3	1725686	T	260	PASS
Pf3D7_13_v3	1725687	A	259	PASS
Pf3D7_13_v3	1725688	A	260	PASS
Pf3D7_13_v3	1725689	T	259	PASS
Pf3D7_13_v3	1725690	A	259	PASS
Pf3D7_13_v3	1725691	C	260	PASS
Pf3D7_13_v3	1725692	C	261	PASS
Pf3D7_13_v3	1725693	A	259	PASS
Pf3D7_13_v3	1725694	T	260	PASS
Pf3D7_13_v3	1725695	A	258	PASS
Pf3D7_13_v3	1725696	A	257	PASS
Pf3D7_13_v3	1725697	A	258	PASS
Pf3D7_13_v3	1725698	A	258	PASS
Pf3D7_13_v3	1725699	T	260	PASS
Pf3D7_13_v3	1725700	T	259	PASS
Pf3D7_13_v3	1725701	C	260	PASS
Pf3D7_13_v3	1725702	T	258	PASS
Pf3D7_13_v3	1725703	G	260	PASS
Pf3D7_13_v3	1725704	C	260	PASS
Pf3D7_13_v3	1725705	T	260	PASS
Pf3D7_13_v3	1725706	T	260	PASS
Pf3D7_13_v3	1725707	C	260	PASS
Pf3D7_13_v3	1725708	T	258	PASS
Pf3D7_13_v3	1725709	T	259	PASS
Pf3D7_13_v3	1725710	T	260	PASS
Pf3D7_13_v3	1725711	C	260	PASS
Pf3D7_13_v3	1725712	A	260	PASS
Pf3D7_13_v3	1725713	A	257	PASS
Pf3D7_13_v3	1725714	C	260	PASS
Pf3D7_13_v3	1725715	A	259	PASS
Pf3D7_13_v3	1725716	A	243	PASS
Pf3D7_13_v3	1725717	G	251	PASS
Pf3D7_13_v3	1725718	G	240	PASS
Pf3D7_13_v3	1725719	C	244	PASS
Pf3D7_13_v3	1725720	T	254	PASS
Pf3D7_13_v3	1725721	T	247	PASS
Pf3D7_13_v3	1725722	C	246	PASS
Pf3D7_13_v3	1725723	A	248	PASS
Pf3D7_13_v3	1725724	C	245	PASS
Pf3D7_13_v3	1725725	T	255	PASS
Pf3D7_13_v3	1725726	T	253	PASS
Pf3D7_13_v3	1725727	T	248	PASS
Pf3D7_13_v3	1725728	C	247	PASS
Pf3D7_13_v3	1725729	A	242	PASS
Pf3D7_13_v3	1725730	C	246	PASS
Pf3D7_13_v3	1725731	T	252	PASS
Pf3D7_13_v3	1725732	T	246	PASS
Pf3D7_13_v3	1725733	A	257	PASS
Pf3D7_13_v3	1725734	A	250	PASS
Pf3D7_13_v3	1725735	A	244	PASS
Pf3D7_13_v3	1725736	T	249	PASS
Pf3D7_13_v3	1725737	C	243	PASS
Pf3D7_13_v3	1725738	T	253	PASS
Pf3D7_13_v3	1725739	T	253	PASS
Pf3D7_13_v3	1725740	T	246	PASS
Pf3D7_13_v3	1725741	T	247	PASS
Pf3D7_13_v3	1725742	G	252	PASS
Pf3D7_13_v3	1725743	G	249	PASS
Pf3D7_13_v3	1725744	T	251	PASS
Pf3D7_13_v3	1725745	A	248	PASS
Pf3D7_13_v3	1725746	T	245	PASS
Pf3D7_13_v3	1725747	G	255	PASS
Pf3D7_13_v3	1725748	G	255	PASS
Pf3D7_13_v3	1725749	G	248	PASS
Pf3D7_13_v3	1725750	T	250	PASS
Pf3D7_13_v3	1725751	A	250	PASS
Pf3D7_13_v3	1725752	T	255	PASS
Pf3D7_13_v3	1725753	A	254	PASS
Pf3D7_13_v3	1725754	G	250	PASS
Pf3D7_13_v3	1725755	T	255	PASS
Pf3D7_13_v3	1725756	T	249	PASS
Pf3D7_13_v3	1725757	A	255	PASS
Pf3D7_13_v3	1725758	A	249	PASS
Pf3D7_13_v3	1725759	C	251	PASS
Pf3D7_13_v3	1725760	G	250	PASS
Pf3D7_13_v3	1725761	G	248	PASS
Pf3D7_13_v3	1725762	A	247	PASS
Pf3D7_13_v3	1725763	T	254	PASS
Pf3D7_13_v3	1725764	T	254	PASS
Pf3D7_13_v3	1725765	T	249	PASS
Pf3D7_13_v3	1725766	C	247	PASS
Pf3D7_13_v3	1725767	T	253	PASS
Pf3D7_13_v3	1725768	T	246	PASS
Pf3D7_13_v3	1725769	A	257	PASS
Pf3D7_13_v3	1725770	A	250	PASS
Pf3D7_13_v3	1725771	G	248	PASS
Pf3D7_13_v3	1725772	A	254	PASS
Pf3D7_13_v3	1725773	A	246	PASS
Pf3D7_13_v3	1725774	G	250	PASS
Pf3D7_13_v3	1725775	T	252	PASS
Pf3D7_13_v3	1725776	T	246	PASS
Pf3D7_13_v3	1725777	A	254	PASS
Pf3D7_13_v3	1725778	A	251	PASS
Pf3D7_13_v3	1725779	G	247	PASS
Pf3D7_13_v3	1867630	C	84	PASS
Pf3D7_13_v3	2377887	A	1786	PASS
Pf3D7_13_v3	2573828	A	321	PASS
Pf3D7_14_v3	137622	T	1459	PASS
Pf3D7_14_v3	283895	C	484	PASS
Pf3D7_14_v3	283896	G	491	PASS
Pf3D7_14_v3	283897	A	503	PASS
Pf3D7_14_v3	283898	C	503	PASS
Pf3D7_14_v3	283899	A	500	PASS
Pf3D7_14_v3	283900	A	501	PASS
Pf3D7_14_v3	283901	T	502	PASS
Pf3D7_14_v3	283902	G	502	PASS
Pf3D7_14_v3	283903	C	499	PASS
Pf3D7_14_v3	283904	T	501	PASS
Pf3D7_14_v3	283905	T	499	PASS
Pf3D7_14_v3	283906	T	498	PASS
Pf3D7_14_v3	283907	A	502	PASS
Pf3D7_14_v3	283908	T	502	PASS
Pf3D7_14_v3	283909	T	500	PASS
Pf3D7_14_v3	283910	T	502	PASS
Pf3D7_14_v3	283911	A	503	PASS
Pf3D7_14_v3	283912	C	505	PASS
Pf3D7_14_v3	283913	A	501	PASS
Pf3D7_14_v3	283914	T	495	PASS
Pf3D7_14_v3	283915	T	498	PASS
Pf3D7_14_v3	283916	T	501	PASS
Pf3D7_14_v3	283917	T	503	PASS
Pf3D7_14_v3	283918	A	501	PASS
Pf3D7_14_v3	283919	T	504	PASS
Pf3D7_14_v3	283920	T	502	PASS
Pf3D7_14_v3	283921	T	505	PASS
Pf3D7_14_v3	283922	A	504	PASS
Pf3D7_14_v3	283923	C	503	PASS
Pf3D7_14_v3	283924	C	503	PASS
Pf3D7_14_v3	283925	T	504	PASS
Pf3D7_14_v3	283926	G	499	PASS
Pf3D7_14_v3	283927	T	499	PASS
Pf3D7_14_v3	283928	T	502	PASS
Pf3D7_14_v3	283929	C	503	PASS
Pf3D7_14_v3	283930	A	502	PASS
Pf3D7_14_v3	283931	T	503	PASS
Pf3D7_14_v3	283932	G	501	PASS
Pf3D7_14_v3	283933	A	496	PASS
Pf3D7_14_v3	283934	T	499	PASS
Pf3D7_14_v3	283935	A	504	PASS
Pf3D7_14_v3	283936	A	504	PASS
Pf3D7_14_v3	283937	A	506	PASS
Pf3D7_14_v3	283938	C	503	PASS
Pf3D7_14_v3	283939	A	503	PASS
Pf3D7_14_v3	283940	C	500	PASS
Pf3D7_14_v3	283941	G	505	PASS
Pf3D7_14_v3	283942	T	501	PASS
Pf3D7_14_v3	283943	T	501	PASS
Pf3D7_14_v3	283944	G	503	PASS
Pf3D7_14_v3	283945	G	494	PASS
Pf3D7_14_v3	283946	T	497	PASS
Pf3D7_14_v3	283947	T	505	PASS
Pf3D7_14_v3	283948	A	502	PASS
Pf3D7_14_v3	283949	T	504	PASS
Pf3D7_14_v3	283950	T	504	PASS
Pf3D7_14_v3	283951	T	505	PASS
Pf3D7_14_v3	283952	A	501	PASS
Pf3D7_14_v3	283953	A	504	PASS
Pf3D7_14_v3	283954	C	502	PASS
Pf3D7_14_v3	283955	T	504	PASS
Pf3D7_14_v3	283956	A	503	PASS
Pf3D7_14_v3	283957	T	505	PASS
Pf3D7_14_v3	283958	A	503	PASS
Pf3D7_14_v3	283959	G	502	PASS
Pf3D7_14_v3	283960	G	500	PASS
Pf3D7_14_v3	283961	T	495	PASS
Pf3D7_14_v3	283962	G	494	PASS
Pf3D7_14_v3	283963	G	379	PASS
Pf3D7_14_v3	283964	T	485	PASS
Pf3D7_14_v3	283965	A	503	PASS
Pf3D7_14_v3	283966	T	504	PASS
Pf3D7_14_v3	283967	C	501	PASS
Pf3D7_14_v3	283968	G	502	PASS
Pf3D7_14_v3	283969	A	490	PASS
Pf3D7_14_v3	283970	A	498	PASS
Pf3D7_14_v3	283971	A	499	PASS
Pf3D7_14_v3	283972	G	499	PASS
Pf3D7_14_v3	283973	T	500	PASS
Pf3D7_14_v3	283974	G	502	PASS
Pf3D7_14_v3	283975	A	500	PASS
Pf3D7_14_v3	283976	T	502	PASS
Pf3D7_14_v3	283977	T	502	PASS
Pf3D7_14_v3	283978	T	501	PASS
Pf3D7_14_v3	283979	T	502	PASS
Pf3D7_14_v3	283980	T	500	PASS
Pf3D7_14_v3	283981	A	505	PASS
Pf3D7_14_v3	283982	T	505	PASS
Pf3D7_14_v3	283983	G	505	PASS
Pf3D7_14_v3	283984	A	499	PASS
Pf3D7_14_v3	283985	A	502	PASS
Pf3D7_14_v3	283986	G	503	PASS
Pf3D7_14_v3	283987	G	481	PASS
Pf3D7_14_v3	283988	A	495	PASS
Pf3D7_14_v3	283989	C	504	PASS
Pf3D7_14_v3	283990	C	502	PASS
Pf3D7_14_v3	283991	T	498	PASS
Pf3D7_14_v3	283992	T	498	PASS
Pf3D7_14_v3	283993	T	505	PASS
Pf3D7_14_v3	283994	A	502	PASS
Pf3D7_14_v3	283995	A	503	PASS
Pf3D7_14_v3	283996	C	500	PASS
Pf3D7_14_v3	283997	T	501	PASS
Pf3D7_14_v3	283998	T	504	PASS
Pf3D7_14_v3	283999	A	501	PASS
Pf3D7_14_v3	284000	T	501	PASS
Pf3D7_14_v3	284001	G	503	PASS
Pf3D7_14_v3	284002	A	497	PASS
Pf3D7_14_v3	284003	A	500	PASS
Pf3D7_14_v3	284004	A	491	PASS
Pf3D7_14_v3	284005	A	504	PASS
Pf3D7_14_v3	284006	A	505	PASS
Pf3D7_14_v3	284007	T	505	PASS
Pf3D7_14_v3	284008	T	506	PASS
Pf3D7_14_v3	284009	A	506	PASS
Pf3D7_14_v3	284010	A	503	PASS
Pf3D7_14_v3	284011	A	505	PASS
Pf3D7_14_v3	284012	T	504	PASS
Pf3D7_14_v3	284013	C	504	PASS
Pf3D7_14_v3	284014	A	506	PASS
Pf3D7_14_v3	284015	T	506	PASS
Pf3D7_14_v3	284016	G	505	PASS
Pf3D7_14_v3	284017	A	505	PASS
Pf3D7_14_v3	284018	C	506	PASS
Pf3D7_14_v3	284019	T	502	PASS
Pf3D7_14_v3	284020	T	502	PASS
Pf3D7_14_v3	284021	A	505	PASS
Pf3D7_14_v3	284022	T	504	PASS
Pf3D7_14_v3	284023	A	506	PASS
Pf3D7_14_v3	284024	T	505	PASS
Pf3D7_14_v3	284025	T	503	PASS
Pf3D7_14_v3	284026	G	506	PASS
Pf3D7_14_v3	284027	G	502	PASS
Pf3D7_14_v3	284028	C	504	PASS
Pf3D7_14_v3	284029	A	503	PASS
Pf3D7_14_v3	284030	A	506	PASS
Pf3D7_14_v3	284031	A	504	PASS
Pf3D7_14_v3	284032	T	504	PASS
Pf3D7_14_v3	284033	A	505	PASS
Pf3D7_14_v3	284034	G	506	PASS
Pf3D7_14_v3	284035	A	503	PASS
Pf3D7_14_v3	284036	T	504	PASS
Pf3D7_14_v3	284037	T	505	PASS
Pf3D7_14_v3	284038	T	505	PASS
Pf3D7_14_v3	284039	A	506	PASS
Pf3D7_14_v3	284040	G	506	PASS
Pf3D7_14_v3	284041	A	505	PASS
Pf3D7_14_v3	284042	T	502	PASS
Pf3D7_14_v3	284043	A	504	PASS
Pf3D7_14_v3	284044	T	504	PASS
Pf3D7_14_v3	284045	A	451	PASS
Pf3D7_14_v3	284046	C	474	PASS
Pf3D7_14_v3	284047	A	436	PASS
Pf3D7_14_v3	284048	C	447	PASS
Pf3D7_14_v3	284049	T	491	PASS
Pf3D7_14_v3	284050	T	489	PASS
Pf3D7_14_v3	284051	T	437	PASS
Pf3D7_14_v3	284052	G	484	PASS
Pf3D7_14_v3	284053	G	436	PASS
Pf3D7_14_v3	284054	T	435	PASS
Pf3D7_14_v3	284055	A	498	PASS
Pf3D7_14_v3	284056	A	496	PASS
Pf3D7_14_v3	284057	A	446	PASS
Pf3D7_14_v3	284058	T	478	PASS
Pf3D7_14_v3	284059	A	482	PASS
Pf3D7_14_v3	284060	T	453	PASS
Pf3D7_14_v3	284061	G	471	PASS
Pf3D7_14_v3	284062	T	436	PASS
Pf3D7_14_v3	284063	C	459	PASS
Pf3D7_14_v3	284064	A	462	PASS
Pf3D7_14_v3	284065	T	450	PASS
Pf3D7_14_v3	284066	G	416	PASS
Pf3D7_14_v3	284067	C	425	PASS
Pf3D7_14_v3	284068	A	500	PASS
Pf3D7_14_v3	284069	A	498	PASS
Pf3D7_14_v3	284070	A	497	PASS
Pf3D7_14_v3	284071	A	497	PASS
Pf3D7_14_v3	284072	A	451	PASS
Pf3D7_14_v3	284073	G	458	PASS
Pf3D7_14_v3	284074	C	434	PASS
Pf3D7_14_v3	284075	A	492	PASS
Pf3D7_14_v3	284076	A	488	PASS
Pf3D7_14_v3	284077	A	452	PASS
Pf3D7_14_v3	284078	T	466	PASS
Pf3D7_14_v3	284079	G	451	PASS
Pf3D7_14_v3	284080	C	419	PASS
Pf3D7_14_v3	284081	T	454	PASS
Pf3D7_14_v3	284082	G	418	PASS
Pf3D7_14_v3	284083	T	500	PASS
Pf3D7_14_v3	284084	T	475	PASS
Pf3D7_14_v3	284085	G	433	PASS
Pf3D7_14_v3	284086	T	502	PASS
Pf3D7_14_v3	284087	T	460	PASS
Pf3D7_14_v3	284088	G	458	PASS
Pf3D7_14_v3	284089	A	449	PASS
Pf3D7_14_v3	284090	T	456	PASS
Pf3D7_14_v3	284091	A	425	PASS
Pf3D7_14_v3	284092	G	470	PASS
Pf3D7_14_v3	284093	T	427	PASS
Pf3D7_14_v3	284094	G	489	PASS
Pf3D7_14_v3	284095	G	446	PASS
Pf3D7_14_v3	284096	T	436	PASS
Pf3D7_14_v3	284097	A	473	PASS
Pf3D7_14_v3	284098	C	424	PASS
Pf3D7_14_v3	284099	A	499	PASS
Pf3D7_14_v3	284100	A	436	PASS
Pf3D7_14_v3	284101	G	453	PASS
Pf3D7_14_v3	284102	T	436	PASS
Pf3D7_14_v3	284103	A	437	PASS
Pf3D7_14_v3	284104	C	444	PASS
Pf3D7_14_v3	284105	T	452	PASS
Pf3D7_14_v3	284106	A	458	PASS
Pf3D7_14_v3	284107	T	438	PASS
Pf3D7_14_v3	284108	A	491	PASS
Pf3D7_14_v3	284109	A	452	PASS
Pf3D7_14_v3	284110	C	447	PASS
Pf3D7_14_v3	284111	A	443	PASS
Pf3D7_14_v3	284112	G	429	PASS
Pf3D7_14_v3	284113	C	454	PASS
Pf3D7_14_v3	284114	A	419	PASS
Pf3D7_14_v3	284115	C	452	PASS
Pf3D7_14_v3	284116	C	424	PASS
Pf3D7_14_v3	284117	A	494	PASS
Pf3D7_14_v3	284118	A	426	PASS
Pf3D7_14_v3	284119	C	457	PASS
Pf3D7_14_v3	284120	C	443	PASS
Pf3D7_14_v3	284121	A	425	PASS
Pf3D7_14_v3	284122	G	423	PASS
Pf3D7_14_v3	284123	T	499	PASS
Pf3D7_14_v3	284124	T	498	PASS
Pf3D7_14_v3	284125	T	493	PASS
Pf3D7_14_v3	284126	T	465	PASS
Pf3D7_14_v3	284127	C	440	PASS
Pf3D7_14_v3	284128	T	491	PASS
Pf3D7_14_v3	284129	T	419	PASS
Pf3D7_14_v3	284130	A	497	PASS
Pf3D7_14_v3	284131	A	480	PASS
Pf3D7_14_v3	284132	T	416	PASS
Pf3D7_14_v3	284133	A	497	PASS
Pf3D7_14_v3	284134	A	496	PASS
Pf3D7_14_v3	284135	A	443	PASS
Pf3D7_14_v3	284136	T	495	PASS
Pf3D7_14_v3	284137	T	462	PASS
Pf3D7_14_v3	284138	C	417	PASS
Pf3D7_14_v3	284139	T	499	PASS
Pf3D7_14_v3	284140	T	493	PASS
Pf3D7_14_v3	284141	T	442	PASS
Pf3D7_14_v3	284142	A	473	PASS
Pf3D7_14_v3	284143	G	468	PASS
Pf3D7_14_v3	284144	A	479	PASS
Pf3D7_14_v3	284145	G	441	PASS
Pf3D7_14_v3	284146	A	460	PASS
Pf3D7_14_v3	284147	T	475	PASS
Pf3D7_14_v3	284148	A	445	PASS
Pf3D7_14_v3	284149	T	460	PASS
Pf3D7_14_v3	284150	G	450	PASS
Pf3D7_14_v3	284151	A	493	PASS
Pf3D7_14_v3	284152	A	472	PASS
Pf3D7_14_v3	284153	T	430	PASS
Pf3D7_14_v3	284154	G	470	PASS
Pf3D7_14_v3	294289	T	299	PASS
Pf3D7_14_v3	294290	G	301	PASS
Pf3D7_14_v3	294291	A	300	PASS
Pf3D7_14_v3	294292	A	302	PASS
Pf3D7_14_v3	294293	A	301	PASS
Pf3D7_14_v3	294294	A	302	PASS
Pf3D7_14_v3	294295	T	301	PASS
Pf3D7_14_v3	294296	G	300	PASS
Pf3D7_14_v3	294297	C	302	PASS
Pf3D7_14_v3	294298	T	300	PASS
Pf3D7_14_v3	294299	C	303	PASS
Pf3D7_14_v3	294300	T	300	PASS
Pf3D7_14_v3	294301	T	303	PASS
Pf3D7_14_v3	294302	T	302	PASS
Pf3D7_14_v3	294303	T	302	PASS
Pf3D7_14_v3	294304	C	303	PASS
Pf3D7_14_v3	294305	A	302	PASS
Pf3D7_14_v3	294306	C	302	PASS
Pf3D7_14_v3	294307	C	303	PASS
Pf3D7_14_v3	294308	T	287	PASS
Pf3D7_14_v3	294309	T	301	PASS
Pf3D7_14_v3	294310	T	303	PASS
Pf3D7_14_v3	294311	T	301	PASS
Pf3D7_14_v3	294312	A	302	PASS
Pf3D7_14_v3	294313	C	303	PASS
Pf3D7_14_v3	294314	T	303	PASS
Pf3D7_14_v3	294315	T	300	PASS
Pf3D7_14_v3	294316	A	300	PASS
Pf3D7_14_v3	294317	C	302	PASS
Pf3D7_14_v3	294318	C	302	PASS
Pf3D7_14_v3	294319	T	303	PASS
Pf3D7_14_v3	294320	G	302	PASS
Pf3D7_14_v3	294321	T	303	PASS
Pf3D7_14_v3	294322	A	303	PASS
Pf3D7_14_v3	294323	C	301	PASS
Pf3D7_14_v3	294324	A	301	PASS
Pf3D7_14_v3	294325	T	300	PASS
Pf3D7_14_v3	294326	G	301	PASS
Pf3D7_14_v3	294327	A	297	PASS
Pf3D7_14_v3	294328	T	300	PASS
Pf3D7_14_v3	294329	A	303	PASS
Pf3D7_14_v3	294330	A	302	PASS
Pf3D7_14_v3	294331	A	300	PASS
Pf3D7_14_v3	294332	C	303	PASS
Pf3D7_14_v3	294333	A	302	PASS
Pf3D7_14_v3	294334	T	302	PASS
Pf3D7_14_v3	294335	A	303	PASS
Pf3D7_14_v3	294336	C	302	PASS
Pf3D7_14_v3	294337	A	301	PASS
Pf3D7_14_v3	294338	G	303	PASS
Pf3D7_14_v3	294339	G	300	PASS
Pf3D7_14_v3	294340	A	296	PASS
Pf3D7_14_v3	294341	T	300	PASS
Pf3D7_14_v3	294342	T	302	PASS
Pf3D7_14_v3	294343	C	302	PASS
Pf3D7_14_v3	294344	T	304	PASS
Pf3D7_14_v3	294345	T	302	PASS
Pf3D7_14_v3	294346	A	303	PASS
Pf3D7_14_v3	294347	A	302	PASS
Pf3D7_14_v3	294348	C	303	PASS
Pf3D7_14_v3	294349	C	301	PASS
Pf3D7_14_v3	294350	A	302	PASS
Pf3D7_14_v3	294351	T	302	PASS
Pf3D7_14_v3	294352	T	303	PASS
Pf3D7_14_v3	294353	G	302	PASS
Pf3D7_14_v3	294354	G	296	PASS
Pf3D7_14_v3	294355	T	299	PASS
Pf3D7_14_v3	294356	G	301	PASS
Pf3D7_14_v3	294357	G	247	PASS
Pf3D7_14_v3	294358	T	300	PASS
Pf3D7_14_v3	294359	A	304	PASS
Pf3D7_14_v3	294360	T	302	PASS
Pf3D7_14_v3	294361	T	305	PASS
Pf3D7_14_v3	294362	G	303	PASS
Pf3D7_14_v3	294363	A	304	PASS
Pf3D7_14_v3	294364	A	303	PASS
Pf3D7_14_v3	294365	G	287	PASS
Pf3D7_14_v3	294366	A	302	PASS
Pf3D7_14_v3	294367	A	301	PASS
Pf3D7_14_v3	294368	A	300	PASS
Pf3D7_14_v3	294369	G	303	PASS
Pf3D7_14_v3	294370	A	300	PASS
Pf3D7_14_v3	294371	T	299	PASS
Pf3D7_14_v3	294372	T	303	PASS
Pf3D7_14_v3	294373	T	303	PASS
Pf3D7_14_v3	294374	T	302	PASS
Pf3D7_14_v3	294375	A	301	PASS
Pf3D7_14_v3	294376	T	304	PASS
Pf3D7_14_v3	294377	G	304	PASS
Pf3D7_14_v3	294378	A	304	PASS
Pf3D7_14_v3	294379	A	301	PASS
Pf3D7_14_v3	294380	G	302	PASS
Pf3D7_14_v3	294381	G	291	PASS
Pf3D7_14_v3	294382	A	298	PASS
Pf3D7_14_v3	294383	C	302	PASS
Pf3D7_14_v3	294384	C	297	PASS
Pf3D7_14_v3	294385	A	302	PASS
Pf3D7_14_v3	294386	C	302	PASS
Pf3D7_14_v3	294387	T	300	PASS
Pf3D7_14_v3	294388	A	303	PASS
Pf3D7_14_v3	294389	A	302	PASS
Pf3D7_14_v3	294390	C	304	PASS
Pf3D7_14_v3	294391	T	302	PASS
Pf3D7_14_v3	294392	T	301	PASS
Pf3D7_14_v3	294393	A	303	PASS
Pf3D7_14_v3	294394	C	303	PASS
Pf3D7_14_v3	294395	G	302	PASS
Pf3D7_14_v3	294396	A	295	PASS
Pf3D7_14_v3	294397	A	303	PASS
Pf3D7_14_v3	294398	A	300	PASS
Pf3D7_14_v3	294399	A	306	PASS
Pf3D7_14_v3	294400	A	305	PASS
Pf3D7_14_v3	294401	T	305	PASS
Pf3D7_14_v3	294402	T	305	PASS
Pf3D7_14_v3	294403	A	304	PASS
Pf3D7_14_v3	294404	A	305	PASS
Pf3D7_14_v3	294405	A	304	PASS
Pf3D7_14_v3	294406	C	304	PASS
Pf3D7_14_v3	294407	C	306	PASS
Pf3D7_14_v3	294408	A	306	PASS
Pf3D7_14_v3	294409	C	305	PASS
Pf3D7_14_v3	294410	G	306	PASS
Pf3D7_14_v3	294411	A	305	PASS
Pf3D7_14_v3	294412	T	303	PASS
Pf3D7_14_v3	294413	T	305	PASS
Pf3D7_14_v3	294414	T	305	PASS
Pf3D7_14_v3	294415	A	303	PASS
Pf3D7_14_v3	294416	T	306	PASS
Pf3D7_14_v3	294417	A	305	PASS
Pf3D7_14_v3	294418	T	305	PASS
Pf3D7_14_v3	294419	T	302	PASS
Pf3D7_14_v3	294420	G	306	PASS
Pf3D7_14_v3	294421	G	305	PASS
Pf3D7_14_v3	294422	C	305	PASS
Pf3D7_14_v3	294423	A	306	PASS
Pf3D7_14_v3	294424	A	305	PASS
Pf3D7_14_v3	294425	A	305	PASS
Pf3D7_14_v3	294426	T	305	PASS
Pf3D7_14_v3	294427	A	306	PASS
Pf3D7_14_v3	294428	A	302	PASS
Pf3D7_14_v3	294429	C	306	PASS
Pf3D7_14_v3	294430	T	305	PASS
Pf3D7_14_v3	294431	T	305	PASS
Pf3D7_14_v3	294432	T	306	PASS
Pf3D7_14_v3	294433	A	305	PASS
Pf3D7_14_v3	294434	G	306	PASS
Pf3D7_14_v3	294435	A	305	PASS
Pf3D7_14_v3	294436	T	306	PASS
Pf3D7_14_v3	294437	G	306	PASS
Pf3D7_14_v3	294438	C	306	PASS
Pf3D7_14_v3	294439	A	299	PASS
Pf3D7_14_v3	294440	C	295	PASS
Pf3D7_14_v3	294441	A	292	PASS
Pf3D7_14_v3	294442	C	298	PASS
Pf3D7_14_v3	294443	G	293	PASS
Pf3D7_14_v3	294444	T	302	PASS
Pf3D7_14_v3	294445	T	297	PASS
Pf3D7_14_v3	294446	G	301	PASS
Pf3D7_14_v3	294447	G	298	PASS
Pf3D7_14_v3	294448	A	303	PASS
Pf3D7_14_v3	294449	A	301	PASS
Pf3D7_14_v3	294450	A	298	PASS
Pf3D7_14_v3	294451	T	301	PASS
Pf3D7_14_v3	294452	A	301	PASS
Pf3D7_14_v3	294453	T	299	PASS
Pf3D7_14_v3	294454	A	304	PASS
Pf3D7_14_v3	294455	A	294	PASS
Pf3D7_14_v3	294456	T	296	PASS
Pf3D7_14_v3	294457	G	298	PASS
Pf3D7_14_v3	294458	T	304	PASS
Pf3D7_14_v3	294459	T	299	PASS
Pf3D7_14_v3	294460	A	304	PASS
Pf3D7_14_v3	294461	G	296	PASS
Pf3D7_14_v3	294462	A	305	PASS
Pf3D7_14_v3	294463	A	306	PASS
Pf3D7_14_v3	294464	A	302	PASS
Pf3D7_14_v3	294465	A	303	PASS
Pf3D7_14_v3	294466	A	298	PASS
Pf3D7_14_v3	294467	G	295	PASS
Pf3D7_14_v3	294468	C	294	PASS
Pf3D7_14_v3	294469	A	297	PASS
Pf3D7_14_v3	294470	A	297	PASS
Pf3D7_14_v3	294471	A	300	PASS
Pf3D7_14_v3	294472	C	296	PASS
Pf3D7_14_v3	294473	T	283	PASS
Pf3D7_14_v3	294474	G	293	PASS
Pf3D7_14_v3	294475	T	294	PASS
Pf3D7_14_v3	294476	A	293	PASS
Pf3D7_14_v3	294477	T	296	PASS
Pf3D7_14_v3	294478	T	297	PASS
Pf3D7_14_v3	294479	G	296	PASS
Pf3D7_14_v3	294480	T	293	PASS
Pf3D7_14_v3	294481	A	297	PASS
Pf3D7_14_v3	294482	G	300	PASS
Pf3D7_14_v3	294483	A	296	PASS
Pf3D7_14_v3	294484	T	297	PASS
Pf3D7_14_v3	294485	A	293	PASS
Pf3D7_14_v3	294486	G	296	PASS
Pf3D7_14_v3	294487	T	297	PASS
Pf3D7_14_v3	294488	G	301	PASS
Pf3D7_14_v3	294489	G	291	PASS
Pf3D7_14_v3	294490	T	297	PASS
Pf3D7_14_v3	294491	A	289	PASS
Pf3D7_14_v3	294492	C	280	PASS
Pf3D7_14_v3	294493	T	294	PASS
Pf3D7_14_v3	294494	A	297	PASS
Pf3D7_14_v3	294495	G	299	PASS
Pf3D7_14_v3	294496	T	297	PASS
Pf3D7_14_v3	294497	G	292	PASS
Pf3D7_14_v3	294498	C	296	PASS
Pf3D7_14_v3	294499	C	289	PASS
Pf3D7_14_v3	294500	A	295	PASS
Pf3D7_14_v3	294501	T	302	PASS
Pf3D7_14_v3	294502	T	300	PASS
Pf3D7_14_v3	294503	A	296	PASS
Pf3D7_14_v3	294504	C	297	PASS
Pf3D7_14_v3	294505	T	296	PASS
Pf3D7_14_v3	294506	G	295	PASS
Pf3D7_14_v3	294507	T	300	PASS
Pf3D7_14_v3	294508	A	273	PASS
Pf3D7_14_v3	294509	C	284	PASS
Pf3D7_14_v3	294510	C	296	PASS
Pf3D7_14_v3	294511	A	298	PASS
Pf3D7_14_v3	294512	A	290	PASS
Pf3D7_14_v3	294513	C	295	PASS
Pf3D7_14_v3	294514	T	294	PASS
Pf3D7_14_v3	294515	G	294	PASS
Pf3D7_14_v3	294516	A	275	PASS
Pf3D7_14_v3	294517	C	278	PASS
Pf3D7_14_v3	294518	T	293	PASS
Pf3D7_14_v3	294519	T	296	PASS
Pf3D7_14_v3	294520	T	299	PASS
Pf3D7_14_v3	294521	T	298	PASS
Pf3D7_14_v3	294522	T	285	PASS
Pf3D7_14_v3	294523	A	300	PASS
Pf3D7_14_v3	294524	A	300	PASS
Pf3D7_14_v3	294525	A	300	PASS
Pf3D7_14_v3	294526	T	291	PASS
Pf3D7_14_v3	294527	A	302	PASS
Pf3D7_14_v3	294528	A	300	PASS
Pf3D7_14_v3	294529	A	300	PASS
Pf3D7_14_v3	294530	A	298	PASS
Pf3D7_14_v3	294531	T	282	PASS
Pf3D7_14_v3	294532	G	293	PASS
Pf3D7_14_v3	294533	T	291	PASS
Pf3D7_14_v3	294534	T	294	PASS
Pf3D7_14_v3	294535	G	295	PASS
Pf3D7_14_v3	294536	C	286	PASS
Pf3D7_14_v3	294537	A	297	PASS
Pf3D7_14_v3	294538	G	294	PASS
Pf3D7_14_v3	294539	A	294	PASS
Pf3D7_14_v3	294540	A	294	PASS
Pf3D7_14_v3	294541	T	298	PASS
Pf3D7_14_v3	294542	T	296	PASS
Pf3D7_14_v3	294543	T	292	PASS
Pf3D7_14_v3	294544	A	293	PASS
Pf3D7_14_v3	294545	G	296	PASS
Pf3D7_14_v3	294546	A	300	PASS
Pf3D7_14_v3	294547	T	281	PASS
Pf3D7_14_v3	294548	G	292	PASS
Pf3D7_14_v3	1757603	A	176	PASS
Pf3D7_14_v3	2164225	A	427	PASS
Pf3D7_14_v3	2481070	G	1413	PASS
Pf3D7_14_v3	2481073	G	1257	PASS
Pf3D7_14_v3	2733656	T	108	PASS
Pf3D7_14_v3	3126219	C	416	PASS
